fullpath,lhEuler,rhEuler,lhVtx0,rhVtx0,lhVtx1,rhVtx1
/projetos/PRJ1513_GIRIFICACAO_CONTROLES/03_PROCS/PREPROC_DATA/LONGITUDINAL/SUBJ002/SUBJ002_ses-1,-29,-28,155406,160294,152817,155416
/projetos/PRJ1513_GIRIFICACAO_CONTROLES/03_PROCS/PREPROC_DATA/LONGITUDINAL/SUBJ002/SUBJ002_ses-1.long.SUBJ002_tmpl,NaN,NaN,NaN,NaN,NaN,NaN
/projetos/PRJ1513_GIRIFICACAO_CONTROLES/03_PROCS/PREPROC_DATA/LONGITUDINAL/SUBJ002/SUBJ002_tmpl,-35,-29,154516,158138,151747,154102
/projetos/PRJ1513_GIRIFICACAO_CONTROLES/03_PROCS/PREPROC_DATA/LONGITUDINAL/SUBJ003/SUBJ003_ses-1,-63,-53,168258,169550,160998,163565
/projetos/PRJ1513_GIRIFICACAO_CONTROLES/03_PROCS/PREPROC_DATA/LONGITUDINAL/SUBJ003/SUBJ003_ses-1.long.SUBJ003_tmpl,NaN,NaN,NaN,NaN,NaN,NaN
/projetos/PRJ1513_GIRIFICACAO_CONTROLES/03_PROCS/PREPROC_DATA/LONGITUDINAL/SUBJ003/SUBJ003_ses-2,-74,-62,167120,170072,159402,163325
/projetos/PRJ1513_GIRIFICACAO_CONTROLES/03_PROCS/PREPROC_DATA/LONGITUDINAL/SUBJ003/SUBJ003_ses-2.long.SUBJ003_tmpl,NaN,NaN,NaN,NaN,NaN,NaN
/projetos/PRJ1513_GIRIFICACAO_CONTROLES/03_PROCS/PREPROC_DATA/LONGITUDINAL/SUBJ003/SUBJ003_ses-3,-46,-42,179886,173400,162239,165997
/projetos/PRJ1513_GIRIFICACAO_CONTROLES/03_PROCS/PREPROC_DATA/LONGITUDINAL/SUBJ003/SUBJ003_ses-3.long.SUBJ003_tmpl,NaN,NaN,NaN,NaN,NaN,NaN
/projetos/PRJ1513_GIRIFICACAO_CONTROLES/03_PROCS/PREPROC_DATA/LONGITUDINAL/SUBJ003/SUBJ003_tmpl,-52,-39,162236,163286,156727,158755
/projetos/PRJ1513_GIRIFICACAO_CONTROLES/03_PROCS/PREPROC_DATA/LONGITUDINAL/SUBJ005/SUBJ005_ses-1,-69,-60,146930,151240,140576,138656
/projetos/PRJ1513_GIRIFICACAO_CONTROLES/03_PROCS/PREPROC_DATA/LONGITUDINAL/SUBJ005/SUBJ005_ses-1.long.SUBJ005_tmpl,NaN,NaN,NaN,NaN,NaN,NaN
/projetos/PRJ1513_GIRIFICACAO_CONTROLES/03_PROCS/PREPROC_DATA/LONGITUDINAL/SUBJ005/SUBJ005_ses-2,-77,-65,149824,152696,138493,139484
/projetos/PRJ1513_GIRIFICACAO_CONTROLES/03_PROCS/PREPROC_DATA/LONGITUDINAL/SUBJ005/SUBJ005_ses-2.long.SUBJ005_tmpl,NaN,NaN,NaN,NaN,NaN,NaN
/projetos/PRJ1513_GIRIFICACAO_CONTROLES/03_PROCS/PREPROC_DATA/LONGITUDINAL/SUBJ005/SUBJ005_ses-3,-59,-58,152800,158728,134747,135433
/projetos/PRJ1513_GIRIFICACAO_CONTROLES/03_PROCS/PREPROC_DATA/LONGITUDINAL/SUBJ005/SUBJ005_ses-3.long.SUBJ005_tmpl,NaN,NaN,NaN,NaN,NaN,NaN
/projetos/PRJ1513_GIRIFICACAO_CONTROLES/03_PROCS/PREPROC_DATA/LONGITUDINAL/SUBJ005/SUBJ005_tmpl,-63,-61,146846,146938,135873,134397
/projetos/PRJ1513_GIRIFICACAO_CONTROLES/03_PROCS/PREPROC_DATA/LONGITUDINAL/SUBJ006/SUBJ006_ses-1,-77,-71,132078,130768,128707,128662
/projetos/PRJ1513_GIRIFICACAO_CONTROLES/03_PROCS/PREPROC_DATA/LONGITUDINAL/SUBJ006/SUBJ006_ses-1.long.SUBJ006_tmpl,NaN,NaN,NaN,NaN,NaN,NaN
/projetos/PRJ1513_GIRIFICACAO_CONTROLES/03_PROCS/PREPROC_DATA/LONGITUDINAL/SUBJ006/SUBJ006_tmpl,-56,-69,130580,130392,127371,127371
/projetos/PRJ1513_GIRIFICACAO_CONTROLES/03_PROCS/PREPROC_DATA/LONGITUDINAL/SUBJ007/SUBJ007_ses-1,-38,-50,146052,147772,142128,144605
/projetos/PRJ1513_GIRIFICACAO_CONTROLES/03_PROCS/PREPROC_DATA/LONGITUDINAL/SUBJ007/SUBJ007_ses-1.long.SUBJ007_tmpl,NaN,NaN,NaN,NaN,NaN,NaN
/projetos/PRJ1513_GIRIFICACAO_CONTROLES/03_PROCS/PREPROC_DATA/LONGITUDINAL/SUBJ007/SUBJ007_ses-2,-50,-55,147348,154326,143061,151181
/projetos/PRJ1513_GIRIFICACAO_CONTROLES/03_PROCS/PREPROC_DATA/LONGITUDINAL/SUBJ007/SUBJ007_ses-2.long.SUBJ007_tmpl,NaN,NaN,NaN,NaN,NaN,NaN
/projetos/PRJ1513_GIRIFICACAO_CONTROLES/03_PROCS/PREPROC_DATA/LONGITUDINAL/SUBJ007/SUBJ007_tmpl,-24,-34,140770,146006,137221,143220
/projetos/PRJ1513_GIRIFICACAO_CONTROLES/03_PROCS/PREPROC_DATA/LONGITUDINAL/SUBJ010/SUBJ010_ses-1,-97,-76,147074,140764,141979,137311
/projetos/PRJ1513_GIRIFICACAO_CONTROLES/03_PROCS/PREPROC_DATA/LONGITUDINAL/SUBJ010/SUBJ010_ses-1.long.SUBJ010_tmpl,NaN,NaN,NaN,NaN,NaN,NaN
/projetos/PRJ1513_GIRIFICACAO_CONTROLES/03_PROCS/PREPROC_DATA/LONGITUDINAL/SUBJ010/SUBJ010_ses-2,-89,-63,144924,144462,140937,140995
/projetos/PRJ1513_GIRIFICACAO_CONTROLES/03_PROCS/PREPROC_DATA/LONGITUDINAL/SUBJ010/SUBJ010_ses-2.long.SUBJ010_tmpl,NaN,NaN,NaN,NaN,NaN,NaN
/projetos/PRJ1513_GIRIFICACAO_CONTROLES/03_PROCS/PREPROC_DATA/LONGITUDINAL/SUBJ010/SUBJ010_ses-3,-89,-84,137568,138870,133588,135627
/projetos/PRJ1513_GIRIFICACAO_CONTROLES/03_PROCS/PREPROC_DATA/LONGITUDINAL/SUBJ010/SUBJ010_ses-3.long.SUBJ010_tmpl,NaN,NaN,NaN,NaN,NaN,NaN
/projetos/PRJ1513_GIRIFICACAO_CONTROLES/03_PROCS/PREPROC_DATA/LONGITUDINAL/SUBJ010/SUBJ010_tmpl,-59,-52,134920,135912,132969,133860
/projetos/PRJ1513_GIRIFICACAO_CONTROLES/03_PROCS/PREPROC_DATA/LONGITUDINAL/SUBJ011/SUBJ011_ses-1,-62,-46,151464,150420,146085,146645
/projetos/PRJ1513_GIRIFICACAO_CONTROLES/03_PROCS/PREPROC_DATA/LONGITUDINAL/SUBJ011/SUBJ011_ses-1.long.SUBJ011_tmpl,NaN,NaN,NaN,NaN,NaN,NaN
/projetos/PRJ1513_GIRIFICACAO_CONTROLES/03_PROCS/PREPROC_DATA/LONGITUDINAL/SUBJ011/SUBJ011_tmpl,-49,-35,147624,147070,144243,144320
/projetos/PRJ1513_GIRIFICACAO_CONTROLES/03_PROCS/PREPROC_DATA/LONGITUDINAL/SUBJ014/SUBJ014_ses-1,-72,-83,154666,157890,149908,153761
/projetos/PRJ1513_GIRIFICACAO_CONTROLES/03_PROCS/PREPROC_DATA/LONGITUDINAL/SUBJ014/SUBJ014_ses-1.long.SUBJ014_tmpl,NaN,NaN,NaN,NaN,NaN,NaN
/projetos/PRJ1513_GIRIFICACAO_CONTROLES/03_PROCS/PREPROC_DATA/LONGITUDINAL/SUBJ014/SUBJ014_tmpl,-55,-48,153190,155428,148961,151106
/projetos/PRJ1513_GIRIFICACAO_CONTROLES/03_PROCS/PREPROC_DATA/LONGITUDINAL/SUBJ018/SUBJ018_ses-1,-58,-61,130226,133132,126358,127021
/projetos/PRJ1513_GIRIFICACAO_CONTROLES/03_PROCS/PREPROC_DATA/LONGITUDINAL/SUBJ018/SUBJ018_ses-1.long.SUBJ018_tmpl,NaN,NaN,NaN,NaN,NaN,NaN
/projetos/PRJ1513_GIRIFICACAO_CONTROLES/03_PROCS/PREPROC_DATA/LONGITUDINAL/SUBJ018/SUBJ018_ses-2,-52,-41,146506,147912,138765,139339
/projetos/PRJ1513_GIRIFICACAO_CONTROLES/03_PROCS/PREPROC_DATA/LONGITUDINAL/SUBJ018/SUBJ018_ses-2.long.SUBJ018_tmpl,NaN,NaN,NaN,NaN,NaN,NaN
/projetos/PRJ1513_GIRIFICACAO_CONTROLES/03_PROCS/PREPROC_DATA/LONGITUDINAL/SUBJ018/SUBJ018_tmpl,-41,-21,132500,133378,127612,128576
/projetos/PRJ1513_GIRIFICACAO_CONTROLES/03_PROCS/PREPROC_DATA/LONGITUDINAL/SUBJ024/SUBJ024_ses-1,-73,-61,147326,148950,141897,143843
/projetos/PRJ1513_GIRIFICACAO_CONTROLES/03_PROCS/PREPROC_DATA/LONGITUDINAL/SUBJ024/SUBJ024_ses-1.long.SUBJ024_tmpl,NaN,NaN,NaN,NaN,NaN,NaN
/projetos/PRJ1513_GIRIFICACAO_CONTROLES/03_PROCS/PREPROC_DATA/LONGITUDINAL/SUBJ024/SUBJ024_tmpl,-56,-45,145588,147642,141533,143290
/projetos/PRJ1513_GIRIFICACAO_CONTROLES/03_PROCS/PREPROC_DATA/LONGITUDINAL/SUBJ025/SUBJ025_ses-1,-29,-32,148814,145348,147430,142944
/projetos/PRJ1513_GIRIFICACAO_CONTROLES/03_PROCS/PREPROC_DATA/LONGITUDINAL/SUBJ025/SUBJ025_ses-1.long.SUBJ025_tmpl,NaN,NaN,NaN,NaN,NaN,NaN
/projetos/PRJ1513_GIRIFICACAO_CONTROLES/03_PROCS/PREPROC_DATA/LONGITUDINAL/SUBJ025/SUBJ025_tmpl,-29,-24,146270,142382,145440,140033
/projetos/PRJ1513_GIRIFICACAO_CONTROLES/03_PROCS/PREPROC_DATA/LONGITUDINAL/SUBJ027/SUBJ027_ses-1,-60,-57,131764,131618,128692,128542
/projetos/PRJ1513_GIRIFICACAO_CONTROLES/03_PROCS/PREPROC_DATA/LONGITUDINAL/SUBJ027/SUBJ027_ses-1.long.SUBJ027_tmpl,NaN,NaN,NaN,NaN,NaN,NaN
/projetos/PRJ1513_GIRIFICACAO_CONTROLES/03_PROCS/PREPROC_DATA/LONGITUDINAL/SUBJ027/SUBJ027_ses-2,-63,-75,137814,141546,133518,137410
/projetos/PRJ1513_GIRIFICACAO_CONTROLES/03_PROCS/PREPROC_DATA/LONGITUDINAL/SUBJ027/SUBJ027_ses-2.long.SUBJ027_tmpl,NaN,NaN,NaN,NaN,NaN,NaN
/projetos/PRJ1513_GIRIFICACAO_CONTROLES/03_PROCS/PREPROC_DATA/LONGITUDINAL/SUBJ027/SUBJ027_tmpl,-31,-39,127782,132004,125763,129672
/projetos/PRJ1513_GIRIFICACAO_CONTROLES/03_PROCS/PREPROC_DATA/LONGITUDINAL/SUBJ030/SUBJ030_ses-1,-62,-72,120258,119500,117797,116741
/projetos/PRJ1513_GIRIFICACAO_CONTROLES/03_PROCS/PREPROC_DATA/LONGITUDINAL/SUBJ030/SUBJ030_ses-1.long.SUBJ030_tmpl,NaN,NaN,NaN,NaN,NaN,NaN
/projetos/PRJ1513_GIRIFICACAO_CONTROLES/03_PROCS/PREPROC_DATA/LONGITUDINAL/SUBJ030/SUBJ030_tmpl,-63,-76,120548,122102,118126,119855
/projetos/PRJ1513_GIRIFICACAO_CONTROLES/03_PROCS/PREPROC_DATA/LONGITUDINAL/SUBJ035/SUBJ035_ses-1,-73,-64,183980,182358,175735,170278
/projetos/PRJ1513_GIRIFICACAO_CONTROLES/03_PROCS/PREPROC_DATA/LONGITUDINAL/SUBJ035/SUBJ035_ses-1.long.SUBJ035_tmpl,NaN,NaN,NaN,NaN,NaN,NaN
/projetos/PRJ1513_GIRIFICACAO_CONTROLES/03_PROCS/PREPROC_DATA/LONGITUDINAL/SUBJ035/SUBJ035_tmpl,-60,-57,179108,174826,173245,168199
/projetos/PRJ1513_GIRIFICACAO_CONTROLES/03_PROCS/PREPROC_DATA/LONGITUDINAL/SUBJ039/SUBJ039_ses-1,-49,-37,144468,146802,140513,142612
/projetos/PRJ1513_GIRIFICACAO_CONTROLES/03_PROCS/PREPROC_DATA/LONGITUDINAL/SUBJ039/SUBJ039_ses-1.long.SUBJ039_tmpl,NaN,NaN,NaN,NaN,NaN,NaN
/projetos/PRJ1513_GIRIFICACAO_CONTROLES/03_PROCS/PREPROC_DATA/LONGITUDINAL/SUBJ039/SUBJ039_tmpl,-43,-45,145120,145478,140572,140751
/projetos/PRJ1513_GIRIFICACAO_CONTROLES/03_PROCS/PREPROC_DATA/LONGITUDINAL/SUBJ046/SUBJ046_ses-1,-84,-78,128608,126960,123530,121343
/projetos/PRJ1513_GIRIFICACAO_CONTROLES/03_PROCS/PREPROC_DATA/LONGITUDINAL/SUBJ046/SUBJ046_ses-1.long.SUBJ046_tmpl,NaN,NaN,NaN,NaN,NaN,NaN
/projetos/PRJ1513_GIRIFICACAO_CONTROLES/03_PROCS/PREPROC_DATA/LONGITUDINAL/SUBJ046/SUBJ046_tmpl,-57,-62,128306,127080,124774,122490
/projetos/PRJ1513_GIRIFICACAO_CONTROLES/03_PROCS/PREPROC_DATA/LONGITUDINAL/SUBJ048/SUBJ048_ses-1,-38,-45,156274,155342,153929,152612
/projetos/PRJ1513_GIRIFICACAO_CONTROLES/03_PROCS/PREPROC_DATA/LONGITUDINAL/SUBJ048/SUBJ048_ses-1.long.SUBJ048_tmpl,NaN,NaN,NaN,NaN,NaN,NaN
/projetos/PRJ1513_GIRIFICACAO_CONTROLES/03_PROCS/PREPROC_DATA/LONGITUDINAL/SUBJ048/SUBJ048_ses-2,-40,-38,155736,156446,153354,153897
/projetos/PRJ1513_GIRIFICACAO_CONTROLES/03_PROCS/PREPROC_DATA/LONGITUDINAL/SUBJ048/SUBJ048_ses-2.long.SUBJ048_tmpl,NaN,NaN,NaN,NaN,NaN,NaN
/projetos/PRJ1513_GIRIFICACAO_CONTROLES/03_PROCS/PREPROC_DATA/LONGITUDINAL/SUBJ048/SUBJ048_tmpl,-24,-18,154354,153162,151167,150908
/projetos/PRJ1513_GIRIFICACAO_CONTROLES/03_PROCS/PREPROC_DATA/LONGITUDINAL/SUBJ051/SUBJ051_ses-1,-75,-94,145342,145628,138566,140014
/projetos/PRJ1513_GIRIFICACAO_CONTROLES/03_PROCS/PREPROC_DATA/LONGITUDINAL/SUBJ051/SUBJ051_ses-1.long.SUBJ051_tmpl,NaN,NaN,NaN,NaN,NaN,NaN
/projetos/PRJ1513_GIRIFICACAO_CONTROLES/03_PROCS/PREPROC_DATA/LONGITUDINAL/SUBJ051/SUBJ051_ses-2,-74,-87,143962,145398,137706,140314
/projetos/PRJ1513_GIRIFICACAO_CONTROLES/03_PROCS/PREPROC_DATA/LONGITUDINAL/SUBJ051/SUBJ051_ses-2.long.SUBJ051_tmpl,NaN,NaN,NaN,NaN,NaN,NaN
/projetos/PRJ1513_GIRIFICACAO_CONTROLES/03_PROCS/PREPROC_DATA/LONGITUDINAL/SUBJ051/SUBJ051_tmpl,-53,-51,138924,140672,134530,137392
/projetos/PRJ1513_GIRIFICACAO_CONTROLES/03_PROCS/PREPROC_DATA/LONGITUDINAL/SUBJ053/SUBJ053_ses-1,-11,-12,153892,152472,151489,150690
/projetos/PRJ1513_GIRIFICACAO_CONTROLES/03_PROCS/PREPROC_DATA/LONGITUDINAL/SUBJ053/SUBJ053_ses-1.long.SUBJ053_tmpl,NaN,NaN,NaN,NaN,NaN,NaN
/projetos/PRJ1513_GIRIFICACAO_CONTROLES/03_PROCS/PREPROC_DATA/LONGITUDINAL/SUBJ053/SUBJ053_ses-2,-29,-22,159678,159036,157419,156218
/projetos/PRJ1513_GIRIFICACAO_CONTROLES/03_PROCS/PREPROC_DATA/LONGITUDINAL/SUBJ053/SUBJ053_ses-2.long.SUBJ053_tmpl,NaN,NaN,NaN,NaN,NaN,NaN
/projetos/PRJ1513_GIRIFICACAO_CONTROLES/03_PROCS/PREPROC_DATA/LONGITUDINAL/SUBJ053/SUBJ053_ses-3,-34,-43,158502,159132,155949,155985
/projetos/PRJ1513_GIRIFICACAO_CONTROLES/03_PROCS/PREPROC_DATA/LONGITUDINAL/SUBJ053/SUBJ053_ses-3.long.SUBJ053_tmpl,NaN,NaN,NaN,NaN,NaN,NaN
/projetos/PRJ1513_GIRIFICACAO_CONTROLES/03_PROCS/PREPROC_DATA/LONGITUDINAL/SUBJ053/SUBJ053_tmpl,-10,-13,154156,153656,151740,151169
/projetos/PRJ1513_GIRIFICACAO_CONTROLES/03_PROCS/PREPROC_DATA/LONGITUDINAL/SUBJ055/SUBJ055_ses-1,-73,-58,143116,133500,138222,129530
/projetos/PRJ1513_GIRIFICACAO_CONTROLES/03_PROCS/PREPROC_DATA/LONGITUDINAL/SUBJ055/SUBJ055_ses-1.long.SUBJ055_tmpl,NaN,NaN,NaN,NaN,NaN,NaN
/projetos/PRJ1513_GIRIFICACAO_CONTROLES/03_PROCS/PREPROC_DATA/LONGITUDINAL/SUBJ055/SUBJ055_tmpl,-64,-60,142896,134330,139156,130917
/projetos/PRJ1513_GIRIFICACAO_CONTROLES/03_PROCS/PREPROC_DATA/LONGITUDINAL/SUBJ057/SUBJ057_ses-1,-18,-21,130864,132184,129966,130044
/projetos/PRJ1513_GIRIFICACAO_CONTROLES/03_PROCS/PREPROC_DATA/LONGITUDINAL/SUBJ057/SUBJ057_ses-1.long.SUBJ057_tmpl,NaN,NaN,NaN,NaN,NaN,NaN
/projetos/PRJ1513_GIRIFICACAO_CONTROLES/03_PROCS/PREPROC_DATA/LONGITUDINAL/SUBJ057/SUBJ057_tmpl,-13,-16,131640,131960,130376,130421
/projetos/PRJ1513_GIRIFICACAO_CONTROLES/03_PROCS/PREPROC_DATA/LONGITUDINAL/SUBJ065/SUBJ065_ses-1,-61,-67,152518,151506,148701,146276
/projetos/PRJ1513_GIRIFICACAO_CONTROLES/03_PROCS/PREPROC_DATA/LONGITUDINAL/SUBJ065/SUBJ065_ses-1.long.SUBJ065_tmpl,NaN,NaN,NaN,NaN,NaN,NaN
/projetos/PRJ1513_GIRIFICACAO_CONTROLES/03_PROCS/PREPROC_DATA/LONGITUDINAL/SUBJ065/SUBJ065_ses-2,-27,-53,159218,163026,154288,155403
/projetos/PRJ1513_GIRIFICACAO_CONTROLES/03_PROCS/PREPROC_DATA/LONGITUDINAL/SUBJ065/SUBJ065_ses-2.long.SUBJ065_tmpl,NaN,NaN,NaN,NaN,NaN,NaN
/projetos/PRJ1513_GIRIFICACAO_CONTROLES/03_PROCS/PREPROC_DATA/LONGITUDINAL/SUBJ065/SUBJ065_tmpl,-25,-21,148546,150298,146223,147592
/projetos/PRJ1513_GIRIFICACAO_CONTROLES/03_PROCS/PREPROC_DATA/LONGITUDINAL/SUBJ067/SUBJ067_ses-1,-64,-71,132454,134330,124873,124351
/projetos/PRJ1513_GIRIFICACAO_CONTROLES/03_PROCS/PREPROC_DATA/LONGITUDINAL/SUBJ067/SUBJ067_ses-1.long.SUBJ067_tmpl,NaN,NaN,NaN,NaN,NaN,NaN
/projetos/PRJ1513_GIRIFICACAO_CONTROLES/03_PROCS/PREPROC_DATA/LONGITUDINAL/SUBJ067/SUBJ067_ses-2,-79,-57,133542,133822,123567,123909
/projetos/PRJ1513_GIRIFICACAO_CONTROLES/03_PROCS/PREPROC_DATA/LONGITUDINAL/SUBJ067/SUBJ067_ses-2.long.SUBJ067_tmpl,NaN,NaN,NaN,NaN,NaN,NaN
/projetos/PRJ1513_GIRIFICACAO_CONTROLES/03_PROCS/PREPROC_DATA/LONGITUDINAL/SUBJ067/SUBJ067_tmpl,-65,-47,129740,128500,120918,120257
/projetos/PRJ1513_GIRIFICACAO_CONTROLES/03_PROCS/PREPROC_DATA/LONGITUDINAL/SUBJ070/SUBJ070_ses-1,-65,-55,125976,123958,121132,119078
/projetos/PRJ1513_GIRIFICACAO_CONTROLES/03_PROCS/PREPROC_DATA/LONGITUDINAL/SUBJ070/SUBJ070_ses-1.long.SUBJ070_tmpl,NaN,NaN,NaN,NaN,NaN,NaN
/projetos/PRJ1513_GIRIFICACAO_CONTROLES/03_PROCS/PREPROC_DATA/LONGITUDINAL/SUBJ070/SUBJ070_tmpl,-61,-53,124326,123432,120853,118579
/projetos/PRJ1513_GIRIFICACAO_CONTROLES/03_PROCS/PREPROC_DATA/LONGITUDINAL/SUBJ071/SUBJ071_ses-1,-43,-44,139264,143344,132574,135005
/projetos/PRJ1513_GIRIFICACAO_CONTROLES/03_PROCS/PREPROC_DATA/LONGITUDINAL/SUBJ071/SUBJ071_ses-1.long.SUBJ071_tmpl,NaN,NaN,NaN,NaN,NaN,NaN
/projetos/PRJ1513_GIRIFICACAO_CONTROLES/03_PROCS/PREPROC_DATA/LONGITUDINAL/SUBJ071/SUBJ071_tmpl,-36,-42,137016,140912,129573,133623
/projetos/PRJ1513_GIRIFICACAO_CONTROLES/03_PROCS/PREPROC_DATA/LONGITUDINAL/SUBJ073/SUBJ073_ses-1,-44,-44,165412,167340,162323,164723
/projetos/PRJ1513_GIRIFICACAO_CONTROLES/03_PROCS/PREPROC_DATA/LONGITUDINAL/SUBJ073/SUBJ073_ses-1.long.SUBJ073_tmpl,NaN,NaN,NaN,NaN,NaN,NaN
/projetos/PRJ1513_GIRIFICACAO_CONTROLES/03_PROCS/PREPROC_DATA/LONGITUDINAL/SUBJ073/SUBJ073_ses-2,-64,-43,168310,169338,164608,167556
/projetos/PRJ1513_GIRIFICACAO_CONTROLES/03_PROCS/PREPROC_DATA/LONGITUDINAL/SUBJ073/SUBJ073_ses-2.long.SUBJ073_tmpl,NaN,NaN,NaN,NaN,NaN,NaN
/projetos/PRJ1513_GIRIFICACAO_CONTROLES/03_PROCS/PREPROC_DATA/LONGITUDINAL/SUBJ073/SUBJ073_tmpl,-40,-26,161294,161550,158600,159465
/projetos/PRJ1513_GIRIFICACAO_CONTROLES/03_PROCS/PREPROC_DATA/LONGITUDINAL/SUBJ074/SUBJ074_ses-1,-69,-55,157238,156740,152250,150890
/projetos/PRJ1513_GIRIFICACAO_CONTROLES/03_PROCS/PREPROC_DATA/LONGITUDINAL/SUBJ074/SUBJ074_ses-1.long.SUBJ074_tmpl,NaN,NaN,NaN,NaN,NaN,NaN
/projetos/PRJ1513_GIRIFICACAO_CONTROLES/03_PROCS/PREPROC_DATA/LONGITUDINAL/SUBJ074/SUBJ074_ses-2,-54,-79,156004,164070,151138,156948
/projetos/PRJ1513_GIRIFICACAO_CONTROLES/03_PROCS/PREPROC_DATA/LONGITUDINAL/SUBJ074/SUBJ074_ses-2.long.SUBJ074_tmpl,NaN,NaN,NaN,NaN,NaN,NaN
/projetos/PRJ1513_GIRIFICACAO_CONTROLES/03_PROCS/PREPROC_DATA/LONGITUDINAL/SUBJ074/SUBJ074_tmpl,-41,-45,146162,149328,142596,144466
/projetos/PRJ1513_GIRIFICACAO_CONTROLES/03_PROCS/PREPROC_DATA/LONGITUDINAL/SUBJ075/SUBJ075_ses-1,-69,-67,146616,142418,143612,139993
/projetos/PRJ1513_GIRIFICACAO_CONTROLES/03_PROCS/PREPROC_DATA/LONGITUDINAL/SUBJ075/SUBJ075_ses-1.long.SUBJ075_tmpl,NaN,NaN,NaN,NaN,NaN,NaN
/projetos/PRJ1513_GIRIFICACAO_CONTROLES/03_PROCS/PREPROC_DATA/LONGITUDINAL/SUBJ075/SUBJ075_tmpl,-72,-52,146060,144554,143270,140601
/projetos/PRJ1513_GIRIFICACAO_CONTROLES/03_PROCS/PREPROC_DATA/LONGITUDINAL/SUBJ076/SUBJ076_ses-1,-64,-62,160436,160328,156665,153896
/projetos/PRJ1513_GIRIFICACAO_CONTROLES/03_PROCS/PREPROC_DATA/LONGITUDINAL/SUBJ076/SUBJ076_ses-1.long.SUBJ076_tmpl,NaN,NaN,NaN,NaN,NaN,NaN
/projetos/PRJ1513_GIRIFICACAO_CONTROLES/03_PROCS/PREPROC_DATA/LONGITUDINAL/SUBJ076/SUBJ076_tmpl,-49,-52,160528,161726,156404,155412
/projetos/PRJ1513_GIRIFICACAO_CONTROLES/03_PROCS/PREPROC_DATA/LONGITUDINAL/SUBJ079/SUBJ079_ses-1,-46,-47,142202,142894,140098,140353
/projetos/PRJ1513_GIRIFICACAO_CONTROLES/03_PROCS/PREPROC_DATA/LONGITUDINAL/SUBJ079/SUBJ079_ses-1.long.SUBJ079_tmpl,NaN,NaN,NaN,NaN,NaN,NaN
/projetos/PRJ1513_GIRIFICACAO_CONTROLES/03_PROCS/PREPROC_DATA/LONGITUDINAL/SUBJ079/SUBJ079_ses-2,-37,-29,143240,145550,141151,144001
/projetos/PRJ1513_GIRIFICACAO_CONTROLES/03_PROCS/PREPROC_DATA/LONGITUDINAL/SUBJ079/SUBJ079_ses-2.long.SUBJ079_tmpl,NaN,NaN,NaN,NaN,NaN,NaN
/projetos/PRJ1513_GIRIFICACAO_CONTROLES/03_PROCS/PREPROC_DATA/LONGITUDINAL/SUBJ079/SUBJ079_ses-3,-31,-33,139644,139796,137505,138296
/projetos/PRJ1513_GIRIFICACAO_CONTROLES/03_PROCS/PREPROC_DATA/LONGITUDINAL/SUBJ079/SUBJ079_ses-3.long.SUBJ079_tmpl,NaN,NaN,NaN,NaN,NaN,NaN
/projetos/PRJ1513_GIRIFICACAO_CONTROLES/03_PROCS/PREPROC_DATA/LONGITUDINAL/SUBJ079/SUBJ079_tmpl,-33,-17,138540,138342,136288,137177
/projetos/PRJ1513_GIRIFICACAO_CONTROLES/03_PROCS/PREPROC_DATA/LONGITUDINAL/SUBJ080/SUBJ080_ses-1,-66,-60,135608,132014,132316,128559
/projetos/PRJ1513_GIRIFICACAO_CONTROLES/03_PROCS/PREPROC_DATA/LONGITUDINAL/SUBJ080/SUBJ080_ses-1.long.SUBJ080_tmpl,NaN,NaN,NaN,NaN,NaN,NaN
/projetos/PRJ1513_GIRIFICACAO_CONTROLES/03_PROCS/PREPROC_DATA/LONGITUDINAL/SUBJ080/SUBJ080_ses-2,-70,-52,134548,133880,131040,131327
/projetos/PRJ1513_GIRIFICACAO_CONTROLES/03_PROCS/PREPROC_DATA/LONGITUDINAL/SUBJ080/SUBJ080_ses-2.long.SUBJ080_tmpl,NaN,NaN,NaN,NaN,NaN,NaN
/projetos/PRJ1513_GIRIFICACAO_CONTROLES/03_PROCS/PREPROC_DATA/LONGITUDINAL/SUBJ080/SUBJ080_ses-3,-69,-45,126648,127304,123671,124782
/projetos/PRJ1513_GIRIFICACAO_CONTROLES/03_PROCS/PREPROC_DATA/LONGITUDINAL/SUBJ080/SUBJ080_ses-3.long.SUBJ080_tmpl,NaN,NaN,NaN,NaN,NaN,NaN
/projetos/PRJ1513_GIRIFICACAO_CONTROLES/03_PROCS/PREPROC_DATA/LONGITUDINAL/SUBJ080/SUBJ080_tmpl,-52,-47,130848,129786,128300,127819
/projetos/PRJ1513_GIRIFICACAO_CONTROLES/03_PROCS/PREPROC_DATA/LONGITUDINAL/SUBJ081/SUBJ081_ses-1,-49,-67,123092,123986,120683,121210
/projetos/PRJ1513_GIRIFICACAO_CONTROLES/03_PROCS/PREPROC_DATA/LONGITUDINAL/SUBJ081/SUBJ081_ses-1.long.SUBJ081_tmpl,NaN,NaN,NaN,NaN,NaN,NaN
/projetos/PRJ1513_GIRIFICACAO_CONTROLES/03_PROCS/PREPROC_DATA/LONGITUDINAL/SUBJ081/SUBJ081_ses-2,-45,-81,124668,129722,122498,126133
/projetos/PRJ1513_GIRIFICACAO_CONTROLES/03_PROCS/PREPROC_DATA/LONGITUDINAL/SUBJ081/SUBJ081_ses-2.long.SUBJ081_tmpl,NaN,NaN,NaN,NaN,NaN,NaN
/projetos/PRJ1513_GIRIFICACAO_CONTROLES/03_PROCS/PREPROC_DATA/LONGITUDINAL/SUBJ081/SUBJ081_ses-3,-41,-48,123662,126592,121700,123970
/projetos/PRJ1513_GIRIFICACAO_CONTROLES/03_PROCS/PREPROC_DATA/LONGITUDINAL/SUBJ081/SUBJ081_ses-3.long.SUBJ081_tmpl,NaN,NaN,NaN,NaN,NaN,NaN
/projetos/PRJ1513_GIRIFICACAO_CONTROLES/03_PROCS/PREPROC_DATA/LONGITUDINAL/SUBJ081/SUBJ081_tmpl,-40,-29,120430,123350,118677,122210
/projetos/PRJ1513_GIRIFICACAO_CONTROLES/03_PROCS/PREPROC_DATA/LONGITUDINAL/SUBJ082/SUBJ082_ses-1,-34,-26,152298,153744,150472,150654
/projetos/PRJ1513_GIRIFICACAO_CONTROLES/03_PROCS/PREPROC_DATA/LONGITUDINAL/SUBJ082/SUBJ082_ses-1.long.SUBJ082_tmpl,NaN,NaN,NaN,NaN,NaN,NaN
/projetos/PRJ1513_GIRIFICACAO_CONTROLES/03_PROCS/PREPROC_DATA/LONGITUDINAL/SUBJ082/SUBJ082_ses-2,-29,-20,152506,152558,150532,150295
/projetos/PRJ1513_GIRIFICACAO_CONTROLES/03_PROCS/PREPROC_DATA/LONGITUDINAL/SUBJ082/SUBJ082_ses-2.long.SUBJ082_tmpl,NaN,NaN,NaN,NaN,NaN,NaN
/projetos/PRJ1513_GIRIFICACAO_CONTROLES/03_PROCS/PREPROC_DATA/LONGITUDINAL/SUBJ082/SUBJ082_ses-3,-31,-18,149656,149894,147248,147832
/projetos/PRJ1513_GIRIFICACAO_CONTROLES/03_PROCS/PREPROC_DATA/LONGITUDINAL/SUBJ082/SUBJ082_ses-3.long.SUBJ082_tmpl,NaN,NaN,NaN,NaN,NaN,NaN
/projetos/PRJ1513_GIRIFICACAO_CONTROLES/03_PROCS/PREPROC_DATA/LONGITUDINAL/SUBJ082/SUBJ082_tmpl,-17,-19,148522,149400,147104,147487
/projetos/PRJ1513_GIRIFICACAO_CONTROLES/03_PROCS/PREPROC_DATA/LONGITUDINAL/SUBJ083/SUBJ083_ses-1,-51,-48,154834,154498,153011,151947
/projetos/PRJ1513_GIRIFICACAO_CONTROLES/03_PROCS/PREPROC_DATA/LONGITUDINAL/SUBJ083/SUBJ083_ses-1.long.SUBJ083_tmpl,NaN,NaN,NaN,NaN,NaN,NaN
/projetos/PRJ1513_GIRIFICACAO_CONTROLES/03_PROCS/PREPROC_DATA/LONGITUDINAL/SUBJ083/SUBJ083_ses-2,-28,-52,162148,165402,159195,161768
/projetos/PRJ1513_GIRIFICACAO_CONTROLES/03_PROCS/PREPROC_DATA/LONGITUDINAL/SUBJ083/SUBJ083_ses-2.long.SUBJ083_tmpl,NaN,NaN,NaN,NaN,NaN,NaN
/projetos/PRJ1513_GIRIFICACAO_CONTROLES/03_PROCS/PREPROC_DATA/LONGITUDINAL/SUBJ083/SUBJ083_ses-3,-38,-45,147996,150702,146406,147932
/projetos/PRJ1513_GIRIFICACAO_CONTROLES/03_PROCS/PREPROC_DATA/LONGITUDINAL/SUBJ083/SUBJ083_ses-3.long.SUBJ083_tmpl,NaN,NaN,NaN,NaN,NaN,NaN
/projetos/PRJ1513_GIRIFICACAO_CONTROLES/03_PROCS/PREPROC_DATA/LONGITUDINAL/SUBJ083/SUBJ083_ses-4,-59,-75,147608,151652,143957,148170
/projetos/PRJ1513_GIRIFICACAO_CONTROLES/03_PROCS/PREPROC_DATA/LONGITUDINAL/SUBJ083/SUBJ083_ses-4.long.SUBJ083_tmpl,NaN,NaN,NaN,NaN,NaN,NaN
/projetos/PRJ1513_GIRIFICACAO_CONTROLES/03_PROCS/PREPROC_DATA/LONGITUDINAL/SUBJ083/SUBJ083_tmpl,-16,-16,142602,146812,141600,145010
/projetos/PRJ1513_GIRIFICACAO_CONTROLES/03_PROCS/PREPROC_DATA/LONGITUDINAL/SUBJ086/SUBJ086_ses-1,-70,-66,134034,135978,131403,131734
/projetos/PRJ1513_GIRIFICACAO_CONTROLES/03_PROCS/PREPROC_DATA/LONGITUDINAL/SUBJ086/SUBJ086_ses-1.long.SUBJ086_tmpl,NaN,NaN,NaN,NaN,NaN,NaN
/projetos/PRJ1513_GIRIFICACAO_CONTROLES/03_PROCS/PREPROC_DATA/LONGITUDINAL/SUBJ086/SUBJ086_ses-2,-71,-85,136392,136402,132511,131127
/projetos/PRJ1513_GIRIFICACAO_CONTROLES/03_PROCS/PREPROC_DATA/LONGITUDINAL/SUBJ086/SUBJ086_ses-2.long.SUBJ086_tmpl,NaN,NaN,NaN,NaN,NaN,NaN
/projetos/PRJ1513_GIRIFICACAO_CONTROLES/03_PROCS/PREPROC_DATA/LONGITUDINAL/SUBJ086/SUBJ086_tmpl,-45,-71,130766,131468,128122,127305
/projetos/PRJ1513_GIRIFICACAO_CONTROLES/03_PROCS/PREPROC_DATA/LONGITUDINAL/SUBJ090/SUBJ090_ses-1,-68,-55,137164,137548,134829,135394
/projetos/PRJ1513_GIRIFICACAO_CONTROLES/03_PROCS/PREPROC_DATA/LONGITUDINAL/SUBJ090/SUBJ090_ses-1.long.SUBJ090_tmpl,NaN,NaN,NaN,NaN,NaN,NaN
/projetos/PRJ1513_GIRIFICACAO_CONTROLES/03_PROCS/PREPROC_DATA/LONGITUDINAL/SUBJ090/SUBJ090_ses-2,-31,-37,129558,130210,127948,128241
/projetos/PRJ1513_GIRIFICACAO_CONTROLES/03_PROCS/PREPROC_DATA/LONGITUDINAL/SUBJ090/SUBJ090_ses-2.long.SUBJ090_tmpl,NaN,NaN,NaN,NaN,NaN,NaN
/projetos/PRJ1513_GIRIFICACAO_CONTROLES/03_PROCS/PREPROC_DATA/LONGITUDINAL/SUBJ090/SUBJ090_tmpl,-28,-33,128640,128884,127404,127228
/projetos/PRJ1513_GIRIFICACAO_CONTROLES/03_PROCS/PREPROC_DATA/LONGITUDINAL/SUBJ091/SUBJ091_ses-1,-56,-68,141004,139934,137404,137420
/projetos/PRJ1513_GIRIFICACAO_CONTROLES/03_PROCS/PREPROC_DATA/LONGITUDINAL/SUBJ091/SUBJ091_ses-1.long.SUBJ091_tmpl,NaN,NaN,NaN,NaN,NaN,NaN
/projetos/PRJ1513_GIRIFICACAO_CONTROLES/03_PROCS/PREPROC_DATA/LONGITUDINAL/SUBJ091/SUBJ091_tmpl,-33,-40,140234,138490,138383,135955
/projetos/PRJ1513_GIRIFICACAO_CONTROLES/03_PROCS/PREPROC_DATA/LONGITUDINAL/SUBJ092/SUBJ092_ses-1,-44,-45,141648,143908,136604,139999
/projetos/PRJ1513_GIRIFICACAO_CONTROLES/03_PROCS/PREPROC_DATA/LONGITUDINAL/SUBJ092/SUBJ092_ses-1.long.SUBJ092_tmpl,NaN,NaN,NaN,NaN,NaN,NaN
/projetos/PRJ1513_GIRIFICACAO_CONTROLES/03_PROCS/PREPROC_DATA/LONGITUDINAL/SUBJ092/SUBJ092_ses-2,-41,-35,140136,140962,135334,137432
/projetos/PRJ1513_GIRIFICACAO_CONTROLES/03_PROCS/PREPROC_DATA/LONGITUDINAL/SUBJ092/SUBJ092_ses-2.long.SUBJ092_tmpl,NaN,NaN,NaN,NaN,NaN,NaN
/projetos/PRJ1513_GIRIFICACAO_CONTROLES/03_PROCS/PREPROC_DATA/LONGITUDINAL/SUBJ092/SUBJ092_ses-3,-35,-56,138044,140122,133672,135661
/projetos/PRJ1513_GIRIFICACAO_CONTROLES/03_PROCS/PREPROC_DATA/LONGITUDINAL/SUBJ092/SUBJ092_ses-3.long.SUBJ092_tmpl,NaN,NaN,NaN,NaN,NaN,NaN
/projetos/PRJ1513_GIRIFICACAO_CONTROLES/03_PROCS/PREPROC_DATA/LONGITUDINAL/SUBJ092/SUBJ092_tmpl,-29,-33,135150,135356,131080,132217
/projetos/PRJ1513_GIRIFICACAO_CONTROLES/03_PROCS/PREPROC_DATA/LONGITUDINAL/SUBJ093/SUBJ093_ses-1,-41,-31,165460,162598,162343,159913
/projetos/PRJ1513_GIRIFICACAO_CONTROLES/03_PROCS/PREPROC_DATA/LONGITUDINAL/SUBJ093/SUBJ093_ses-1.long.SUBJ093_tmpl,NaN,NaN,NaN,NaN,NaN,NaN
/projetos/PRJ1513_GIRIFICACAO_CONTROLES/03_PROCS/PREPROC_DATA/LONGITUDINAL/SUBJ093/SUBJ093_ses-2,-49,-37,164328,159584,161386,157393
/projetos/PRJ1513_GIRIFICACAO_CONTROLES/03_PROCS/PREPROC_DATA/LONGITUDINAL/SUBJ093/SUBJ093_ses-2.long.SUBJ093_tmpl,NaN,NaN,NaN,NaN,NaN,NaN
/projetos/PRJ1513_GIRIFICACAO_CONTROLES/03_PROCS/PREPROC_DATA/LONGITUDINAL/SUBJ093/SUBJ093_ses-3,-29,-24,143446,141396,141049,139665
/projetos/PRJ1513_GIRIFICACAO_CONTROLES/03_PROCS/PREPROC_DATA/LONGITUDINAL/SUBJ093/SUBJ093_ses-3.long.SUBJ093_tmpl,NaN,NaN,NaN,NaN,NaN,NaN
/projetos/PRJ1513_GIRIFICACAO_CONTROLES/03_PROCS/PREPROC_DATA/LONGITUDINAL/SUBJ093/SUBJ093_tmpl,-31,-18,159974,157158,157742,155033
/projetos/PRJ1513_GIRIFICACAO_CONTROLES/03_PROCS/PREPROC_DATA/LONGITUDINAL/SUBJ094/SUBJ094_ses-1,-38,-46,156772,160750,154590,157807
/projetos/PRJ1513_GIRIFICACAO_CONTROLES/03_PROCS/PREPROC_DATA/LONGITUDINAL/SUBJ094/SUBJ094_ses-1.long.SUBJ094_tmpl,NaN,NaN,NaN,NaN,NaN,NaN
/projetos/PRJ1513_GIRIFICACAO_CONTROLES/03_PROCS/PREPROC_DATA/LONGITUDINAL/SUBJ094/SUBJ094_ses-2,-30,-47,155442,160378,153260,156590
/projetos/PRJ1513_GIRIFICACAO_CONTROLES/03_PROCS/PREPROC_DATA/LONGITUDINAL/SUBJ094/SUBJ094_ses-2.long.SUBJ094_tmpl,NaN,NaN,NaN,NaN,NaN,NaN
/projetos/PRJ1513_GIRIFICACAO_CONTROLES/03_PROCS/PREPROC_DATA/LONGITUDINAL/SUBJ094/SUBJ094_ses-3,-40,-42,156848,158124,153856,154326
/projetos/PRJ1513_GIRIFICACAO_CONTROLES/03_PROCS/PREPROC_DATA/LONGITUDINAL/SUBJ094/SUBJ094_ses-3.long.SUBJ094_tmpl,NaN,NaN,NaN,NaN,NaN,NaN
/projetos/PRJ1513_GIRIFICACAO_CONTROLES/03_PROCS/PREPROC_DATA/LONGITUDINAL/SUBJ094/SUBJ094_ses-4,-30,-31,138582,142778,135757,139769
/projetos/PRJ1513_GIRIFICACAO_CONTROLES/03_PROCS/PREPROC_DATA/LONGITUDINAL/SUBJ094/SUBJ094_ses-4.long.SUBJ094_tmpl,NaN,NaN,NaN,NaN,NaN,NaN
/projetos/PRJ1513_GIRIFICACAO_CONTROLES/03_PROCS/PREPROC_DATA/LONGITUDINAL/SUBJ094/SUBJ094_tmpl,-19,-27,148892,153056,147932,151347
/projetos/PRJ1513_GIRIFICACAO_CONTROLES/03_PROCS/PREPROC_DATA/LONGITUDINAL/SUBJ095/SUBJ095_ses-1,-76,-70,144068,142608,138562,136402
/projetos/PRJ1513_GIRIFICACAO_CONTROLES/03_PROCS/PREPROC_DATA/LONGITUDINAL/SUBJ095/SUBJ095_ses-1.long.SUBJ095_tmpl,NaN,NaN,NaN,NaN,NaN,NaN
/projetos/PRJ1513_GIRIFICACAO_CONTROLES/03_PROCS/PREPROC_DATA/LONGITUDINAL/SUBJ095/SUBJ095_tmpl,-80,-75,141178,140958,135670,135004
/projetos/PRJ1513_GIRIFICACAO_CONTROLES/03_PROCS/PREPROC_DATA/LONGITUDINAL/SUBJ096/SUBJ096_ses-1,-52,-30,140608,140656,138230,138114
/projetos/PRJ1513_GIRIFICACAO_CONTROLES/03_PROCS/PREPROC_DATA/LONGITUDINAL/SUBJ096/SUBJ096_ses-1.long.SUBJ096_tmpl,NaN,NaN,NaN,NaN,NaN,NaN
/projetos/PRJ1513_GIRIFICACAO_CONTROLES/03_PROCS/PREPROC_DATA/LONGITUDINAL/SUBJ096/SUBJ096_ses-2,-37,-58,137470,140084,135535,137785
/projetos/PRJ1513_GIRIFICACAO_CONTROLES/03_PROCS/PREPROC_DATA/LONGITUDINAL/SUBJ096/SUBJ096_ses-2.long.SUBJ096_tmpl,NaN,NaN,NaN,NaN,NaN,NaN
/projetos/PRJ1513_GIRIFICACAO_CONTROLES/03_PROCS/PREPROC_DATA/LONGITUDINAL/SUBJ096/SUBJ096_tmpl,-24,-31,134612,135028,132923,133099
/projetos/PRJ1513_GIRIFICACAO_CONTROLES/03_PROCS/PREPROC_DATA/LONGITUDINAL/SUBJ097/SUBJ097_ses-1,-35,-29,119088,120098,116932,119265
/projetos/PRJ1513_GIRIFICACAO_CONTROLES/03_PROCS/PREPROC_DATA/LONGITUDINAL/SUBJ097/SUBJ097_ses-1.long.SUBJ097_tmpl,NaN,NaN,NaN,NaN,NaN,NaN
/projetos/PRJ1513_GIRIFICACAO_CONTROLES/03_PROCS/PREPROC_DATA/LONGITUDINAL/SUBJ097/SUBJ097_ses-2,-74,-44,125752,129884,120793,125531
/projetos/PRJ1513_GIRIFICACAO_CONTROLES/03_PROCS/PREPROC_DATA/LONGITUDINAL/SUBJ097/SUBJ097_ses-2.long.SUBJ097_tmpl,NaN,NaN,NaN,NaN,NaN,NaN
/projetos/PRJ1513_GIRIFICACAO_CONTROLES/03_PROCS/PREPROC_DATA/LONGITUDINAL/SUBJ097/SUBJ097_tmpl,-32,-28,116182,116976,113487,115975
/projetos/PRJ1513_GIRIFICACAO_CONTROLES/03_PROCS/PREPROC_DATA/LONGITUDINAL/SUBJ099/SUBJ099_ses-1,-35,-32,138248,137024,136090,134678
/projetos/PRJ1513_GIRIFICACAO_CONTROLES/03_PROCS/PREPROC_DATA/LONGITUDINAL/SUBJ099/SUBJ099_ses-1.long.SUBJ099_tmpl,NaN,NaN,NaN,NaN,NaN,NaN
/projetos/PRJ1513_GIRIFICACAO_CONTROLES/03_PROCS/PREPROC_DATA/LONGITUDINAL/SUBJ099/SUBJ099_ses-2,-25,-32,133144,136142,131899,134659
/projetos/PRJ1513_GIRIFICACAO_CONTROLES/03_PROCS/PREPROC_DATA/LONGITUDINAL/SUBJ099/SUBJ099_ses-2.long.SUBJ099_tmpl,NaN,NaN,NaN,NaN,NaN,NaN
/projetos/PRJ1513_GIRIFICACAO_CONTROLES/03_PROCS/PREPROC_DATA/LONGITUDINAL/SUBJ099/SUBJ099_ses-3,-34,-50,135012,138624,133033,136719
/projetos/PRJ1513_GIRIFICACAO_CONTROLES/03_PROCS/PREPROC_DATA/LONGITUDINAL/SUBJ099/SUBJ099_ses-3.long.SUBJ099_tmpl,NaN,NaN,NaN,NaN,NaN,NaN
/projetos/PRJ1513_GIRIFICACAO_CONTROLES/03_PROCS/PREPROC_DATA/LONGITUDINAL/SUBJ099/SUBJ099_tmpl,-23,-17,130544,130162,129441,129119
/projetos/PRJ1513_GIRIFICACAO_CONTROLES/03_PROCS/PREPROC_DATA/LONGITUDINAL/SUBJ100/SUBJ100_ses-1,-74,-89,131964,127732,129202,123919
/projetos/PRJ1513_GIRIFICACAO_CONTROLES/03_PROCS/PREPROC_DATA/LONGITUDINAL/SUBJ100/SUBJ100_ses-1.long.SUBJ100_tmpl,NaN,NaN,NaN,NaN,NaN,NaN
/projetos/PRJ1513_GIRIFICACAO_CONTROLES/03_PROCS/PREPROC_DATA/LONGITUDINAL/SUBJ100/SUBJ100_ses-2,-55,-93,136900,141046,132389,135751
/projetos/PRJ1513_GIRIFICACAO_CONTROLES/03_PROCS/PREPROC_DATA/LONGITUDINAL/SUBJ100/SUBJ100_ses-2.long.SUBJ100_tmpl,NaN,NaN,NaN,NaN,NaN,NaN
/projetos/PRJ1513_GIRIFICACAO_CONTROLES/03_PROCS/PREPROC_DATA/LONGITUDINAL/SUBJ100/SUBJ100_ses-3,-76,-75,130694,130484,126282,127204
/projetos/PRJ1513_GIRIFICACAO_CONTROLES/03_PROCS/PREPROC_DATA/LONGITUDINAL/SUBJ100/SUBJ100_ses-3.long.SUBJ100_tmpl,NaN,NaN,NaN,NaN,NaN,NaN
/projetos/PRJ1513_GIRIFICACAO_CONTROLES/03_PROCS/PREPROC_DATA/LONGITUDINAL/SUBJ100/SUBJ100_tmpl,-40,-64,129338,130388,127216,127715
/projetos/PRJ1513_GIRIFICACAO_CONTROLES/03_PROCS/PREPROC_DATA/LONGITUDINAL/SUBJ101/SUBJ101_ses-1,-58,-66,159858,159224,156435,156406
/projetos/PRJ1513_GIRIFICACAO_CONTROLES/03_PROCS/PREPROC_DATA/LONGITUDINAL/SUBJ101/SUBJ101_ses-1.long.SUBJ101_tmpl,NaN,NaN,NaN,NaN,NaN,NaN
/projetos/PRJ1513_GIRIFICACAO_CONTROLES/03_PROCS/PREPROC_DATA/LONGITUDINAL/SUBJ101/SUBJ101_ses-2,-70,-96,157496,156714,154055,153476
/projetos/PRJ1513_GIRIFICACAO_CONTROLES/03_PROCS/PREPROC_DATA/LONGITUDINAL/SUBJ101/SUBJ101_ses-2.long.SUBJ101_tmpl,NaN,NaN,NaN,NaN,NaN,NaN
/projetos/PRJ1513_GIRIFICACAO_CONTROLES/03_PROCS/PREPROC_DATA/LONGITUDINAL/SUBJ101/SUBJ101_ses-3,-75,-65,147200,148408,144075,145246
/projetos/PRJ1513_GIRIFICACAO_CONTROLES/03_PROCS/PREPROC_DATA/LONGITUDINAL/SUBJ101/SUBJ101_ses-3.long.SUBJ101_tmpl,NaN,NaN,NaN,NaN,NaN,NaN
/projetos/PRJ1513_GIRIFICACAO_CONTROLES/03_PROCS/PREPROC_DATA/LONGITUDINAL/SUBJ101/SUBJ101_ses-4,-116,-91,146298,145870,142683,142398
/projetos/PRJ1513_GIRIFICACAO_CONTROLES/03_PROCS/PREPROC_DATA/LONGITUDINAL/SUBJ101/SUBJ101_ses-4.long.SUBJ101_tmpl,NaN,NaN,NaN,NaN,NaN,NaN
/projetos/PRJ1513_GIRIFICACAO_CONTROLES/03_PROCS/PREPROC_DATA/LONGITUDINAL/SUBJ101/SUBJ101_tmpl,-41,-38,144966,145528,142803,143268
/projetos/PRJ1513_GIRIFICACAO_CONTROLES/03_PROCS/PREPROC_DATA/LONGITUDINAL/SUBJ103/SUBJ103_ses-1,-29,-37,136876,137268,135119,135172
/projetos/PRJ1513_GIRIFICACAO_CONTROLES/03_PROCS/PREPROC_DATA/LONGITUDINAL/SUBJ103/SUBJ103_ses-1.long.SUBJ103_tmpl,NaN,NaN,NaN,NaN,NaN,NaN
/projetos/PRJ1513_GIRIFICACAO_CONTROLES/03_PROCS/PREPROC_DATA/LONGITUDINAL/SUBJ103/SUBJ103_ses-2,-38,-47,135190,138020,132725,135956
/projetos/PRJ1513_GIRIFICACAO_CONTROLES/03_PROCS/PREPROC_DATA/LONGITUDINAL/SUBJ103/SUBJ103_ses-2.long.SUBJ103_tmpl,NaN,NaN,NaN,NaN,NaN,NaN
/projetos/PRJ1513_GIRIFICACAO_CONTROLES/03_PROCS/PREPROC_DATA/LONGITUDINAL/SUBJ103/SUBJ103_ses-3,-59,-33,129612,128912,126914,127638
/projetos/PRJ1513_GIRIFICACAO_CONTROLES/03_PROCS/PREPROC_DATA/LONGITUDINAL/SUBJ103/SUBJ103_ses-3.long.SUBJ103_tmpl,NaN,NaN,NaN,NaN,NaN,NaN
/projetos/PRJ1513_GIRIFICACAO_CONTROLES/03_PROCS/PREPROC_DATA/LONGITUDINAL/SUBJ103/SUBJ103_tmpl,-23,-19,131974,133654,130651,132544
/projetos/PRJ1513_GIRIFICACAO_CONTROLES/03_PROCS/PREPROC_DATA/LONGITUDINAL/SUBJ104/SUBJ104_ses-1,-37,-42,135338,134548,132483,131886
/projetos/PRJ1513_GIRIFICACAO_CONTROLES/03_PROCS/PREPROC_DATA/LONGITUDINAL/SUBJ104/SUBJ104_ses-1.long.SUBJ104_tmpl,NaN,NaN,NaN,NaN,NaN,NaN
/projetos/PRJ1513_GIRIFICACAO_CONTROLES/03_PROCS/PREPROC_DATA/LONGITUDINAL/SUBJ104/SUBJ104_tmpl,-31,-39,132656,133052,131041,130773
/projetos/PRJ1513_GIRIFICACAO_CONTROLES/03_PROCS/PREPROC_DATA/LONGITUDINAL/SUBJ105/SUBJ105_ses-1,-41,-41,139968,139232,136678,137319
/projetos/PRJ1513_GIRIFICACAO_CONTROLES/03_PROCS/PREPROC_DATA/LONGITUDINAL/SUBJ105/SUBJ105_ses-1.long.SUBJ105_tmpl,NaN,NaN,NaN,NaN,NaN,NaN
/projetos/PRJ1513_GIRIFICACAO_CONTROLES/03_PROCS/PREPROC_DATA/LONGITUDINAL/SUBJ105/SUBJ105_ses-2,-45,-56,141652,142430,138823,140352
/projetos/PRJ1513_GIRIFICACAO_CONTROLES/03_PROCS/PREPROC_DATA/LONGITUDINAL/SUBJ105/SUBJ105_ses-2.long.SUBJ105_tmpl,NaN,NaN,NaN,NaN,NaN,NaN
/projetos/PRJ1513_GIRIFICACAO_CONTROLES/03_PROCS/PREPROC_DATA/LONGITUDINAL/SUBJ105/SUBJ105_ses-3,-61,-54,129236,131166,126006,129245
/projetos/PRJ1513_GIRIFICACAO_CONTROLES/03_PROCS/PREPROC_DATA/LONGITUDINAL/SUBJ105/SUBJ105_ses-3.long.SUBJ105_tmpl,NaN,NaN,NaN,NaN,NaN,NaN
/projetos/PRJ1513_GIRIFICACAO_CONTROLES/03_PROCS/PREPROC_DATA/LONGITUDINAL/SUBJ105/SUBJ105_tmpl,-43,-27,135584,134284,132514,133373
/projetos/PRJ1513_GIRIFICACAO_CONTROLES/03_PROCS/PREPROC_DATA/LONGITUDINAL/SUBJ106/SUBJ106_ses-1,-69,-65,132522,130644,128915,127544
/projetos/PRJ1513_GIRIFICACAO_CONTROLES/03_PROCS/PREPROC_DATA/LONGITUDINAL/SUBJ106/SUBJ106_ses-1.long.SUBJ106_tmpl,NaN,NaN,NaN,NaN,NaN,NaN
/projetos/PRJ1513_GIRIFICACAO_CONTROLES/03_PROCS/PREPROC_DATA/LONGITUDINAL/SUBJ106/SUBJ106_ses-2,-82,-86,130254,130682,127631,125962
/projetos/PRJ1513_GIRIFICACAO_CONTROLES/03_PROCS/PREPROC_DATA/LONGITUDINAL/SUBJ106/SUBJ106_ses-2.long.SUBJ106_tmpl,NaN,NaN,NaN,NaN,NaN,NaN
/projetos/PRJ1513_GIRIFICACAO_CONTROLES/03_PROCS/PREPROC_DATA/LONGITUDINAL/SUBJ106/SUBJ106_tmpl,-47,-45,127552,125174,125097,122497
/projetos/PRJ1513_GIRIFICACAO_CONTROLES/03_PROCS/PREPROC_DATA/LONGITUDINAL/SUBJ108/SUBJ108_ses-1,-25,-31,153788,152022,151784,149488
/projetos/PRJ1513_GIRIFICACAO_CONTROLES/03_PROCS/PREPROC_DATA/LONGITUDINAL/SUBJ108/SUBJ108_ses-1.long.SUBJ108_tmpl,NaN,NaN,NaN,NaN,NaN,NaN
/projetos/PRJ1513_GIRIFICACAO_CONTROLES/03_PROCS/PREPROC_DATA/LONGITUDINAL/SUBJ108/SUBJ108_ses-2,-42,-37,152924,152696,151198,149266
/projetos/PRJ1513_GIRIFICACAO_CONTROLES/03_PROCS/PREPROC_DATA/LONGITUDINAL/SUBJ108/SUBJ108_ses-2.long.SUBJ108_tmpl,NaN,NaN,NaN,NaN,NaN,NaN
/projetos/PRJ1513_GIRIFICACAO_CONTROLES/03_PROCS/PREPROC_DATA/LONGITUDINAL/SUBJ108/SUBJ108_ses-3,-29,-27,144306,145474,143023,142894
/projetos/PRJ1513_GIRIFICACAO_CONTROLES/03_PROCS/PREPROC_DATA/LONGITUDINAL/SUBJ108/SUBJ108_ses-3.long.SUBJ108_tmpl,NaN,NaN,NaN,NaN,NaN,NaN
/projetos/PRJ1513_GIRIFICACAO_CONTROLES/03_PROCS/PREPROC_DATA/LONGITUDINAL/SUBJ108/SUBJ108_tmpl,-17,-26,150842,148582,149418,146651
/projetos/PRJ1513_GIRIFICACAO_CONTROLES/03_PROCS/PREPROC_DATA/LONGITUDINAL/SUBJ109/SUBJ109_ses-1,-52,-38,150160,147510,146429,142558
/projetos/PRJ1513_GIRIFICACAO_CONTROLES/03_PROCS/PREPROC_DATA/LONGITUDINAL/SUBJ109/SUBJ109_ses-1.long.SUBJ109_tmpl,NaN,NaN,NaN,NaN,NaN,NaN
/projetos/PRJ1513_GIRIFICACAO_CONTROLES/03_PROCS/PREPROC_DATA/LONGITUDINAL/SUBJ109/SUBJ109_ses-2,-55,-43,148916,148588,144053,142743
/projetos/PRJ1513_GIRIFICACAO_CONTROLES/03_PROCS/PREPROC_DATA/LONGITUDINAL/SUBJ109/SUBJ109_ses-2.long.SUBJ109_tmpl,NaN,NaN,NaN,NaN,NaN,NaN
/projetos/PRJ1513_GIRIFICACAO_CONTROLES/03_PROCS/PREPROC_DATA/LONGITUDINAL/SUBJ109/SUBJ109_ses-3,-72,-34,134952,135866,131406,133773
/projetos/PRJ1513_GIRIFICACAO_CONTROLES/03_PROCS/PREPROC_DATA/LONGITUDINAL/SUBJ109/SUBJ109_ses-3.long.SUBJ109_tmpl,NaN,NaN,NaN,NaN,NaN,NaN
/projetos/PRJ1513_GIRIFICACAO_CONTROLES/03_PROCS/PREPROC_DATA/LONGITUDINAL/SUBJ109/SUBJ109_tmpl,-48,-22,143874,142596,140818,138761
/projetos/PRJ1513_GIRIFICACAO_CONTROLES/03_PROCS/PREPROC_DATA/LONGITUDINAL/SUBJ110/SUBJ110_ses-1,-62,-62,151054,152646,145101,148563
/projetos/PRJ1513_GIRIFICACAO_CONTROLES/03_PROCS/PREPROC_DATA/LONGITUDINAL/SUBJ110/SUBJ110_ses-1.long.SUBJ110_tmpl,NaN,NaN,NaN,NaN,NaN,NaN
/projetos/PRJ1513_GIRIFICACAO_CONTROLES/03_PROCS/PREPROC_DATA/LONGITUDINAL/SUBJ110/SUBJ110_tmpl,-81,-60,149090,148254,143891,144073
/projetos/PRJ1513_GIRIFICACAO_CONTROLES/03_PROCS/PREPROC_DATA/LONGITUDINAL/SUBJ111/SUBJ111_ses-1,-26,-32,134150,132158,132053,129683
/projetos/PRJ1513_GIRIFICACAO_CONTROLES/03_PROCS/PREPROC_DATA/LONGITUDINAL/SUBJ111/SUBJ111_ses-1.long.SUBJ111_tmpl,NaN,NaN,NaN,NaN,NaN,NaN
/projetos/PRJ1513_GIRIFICACAO_CONTROLES/03_PROCS/PREPROC_DATA/LONGITUDINAL/SUBJ111/SUBJ111_tmpl,-22,-37,132894,132144,131010,129348
/projetos/PRJ1513_GIRIFICACAO_CONTROLES/03_PROCS/PREPROC_DATA/LONGITUDINAL/SUBJ112/SUBJ112_ses-1,-26,-22,136148,133174,133769,130927
/projetos/PRJ1513_GIRIFICACAO_CONTROLES/03_PROCS/PREPROC_DATA/LONGITUDINAL/SUBJ112/SUBJ112_ses-1.long.SUBJ112_tmpl,NaN,NaN,NaN,NaN,NaN,NaN
/projetos/PRJ1513_GIRIFICACAO_CONTROLES/03_PROCS/PREPROC_DATA/LONGITUDINAL/SUBJ112/SUBJ112_ses-2,-29,-25,134486,130838,132053,128858
/projetos/PRJ1513_GIRIFICACAO_CONTROLES/03_PROCS/PREPROC_DATA/LONGITUDINAL/SUBJ112/SUBJ112_ses-2.long.SUBJ112_tmpl,NaN,NaN,NaN,NaN,NaN,NaN
/projetos/PRJ1513_GIRIFICACAO_CONTROLES/03_PROCS/PREPROC_DATA/LONGITUDINAL/SUBJ112/SUBJ112_ses-3,-54,-40,135086,132106,131846,129906
/projetos/PRJ1513_GIRIFICACAO_CONTROLES/03_PROCS/PREPROC_DATA/LONGITUDINAL/SUBJ112/SUBJ112_ses-3.long.SUBJ112_tmpl,NaN,NaN,NaN,NaN,NaN,NaN
/projetos/PRJ1513_GIRIFICACAO_CONTROLES/03_PROCS/PREPROC_DATA/LONGITUDINAL/SUBJ112/SUBJ112_tmpl,-21,-20,131474,127960,129472,126290
/projetos/PRJ1513_GIRIFICACAO_CONTROLES/03_PROCS/PREPROC_DATA/LONGITUDINAL/SUBJ113/SUBJ113_ses-1,-52,-34,147318,144918,144365,143095
/projetos/PRJ1513_GIRIFICACAO_CONTROLES/03_PROCS/PREPROC_DATA/LONGITUDINAL/SUBJ113/SUBJ113_ses-1.long.SUBJ113_tmpl,NaN,NaN,NaN,NaN,NaN,NaN
/projetos/PRJ1513_GIRIFICACAO_CONTROLES/03_PROCS/PREPROC_DATA/LONGITUDINAL/SUBJ113/SUBJ113_tmpl,-51,-27,144360,142280,141832,141052
/projetos/PRJ1513_GIRIFICACAO_CONTROLES/03_PROCS/PREPROC_DATA/LONGITUDINAL/SUBJ115/SUBJ115_ses-1,-47,-36,135334,133592,132566,131676
/projetos/PRJ1513_GIRIFICACAO_CONTROLES/03_PROCS/PREPROC_DATA/LONGITUDINAL/SUBJ115/SUBJ115_ses-1.long.SUBJ115_tmpl,NaN,NaN,NaN,NaN,NaN,NaN
/projetos/PRJ1513_GIRIFICACAO_CONTROLES/03_PROCS/PREPROC_DATA/LONGITUDINAL/SUBJ115/SUBJ115_tmpl,-27,-20,133474,132464,131510,130876
/projetos/PRJ1513_GIRIFICACAO_CONTROLES/03_PROCS/PREPROC_DATA/LONGITUDINAL/SUBJ116/SUBJ116_ses-1,-76,-67,160712,161682,155111,134200
/projetos/PRJ1513_GIRIFICACAO_CONTROLES/03_PROCS/PREPROC_DATA/LONGITUDINAL/SUBJ116/SUBJ116_ses-1.long.SUBJ116_tmpl,NaN,NaN,NaN,NaN,NaN,NaN
/projetos/PRJ1513_GIRIFICACAO_CONTROLES/03_PROCS/PREPROC_DATA/LONGITUDINAL/SUBJ116/SUBJ116_ses-2,-92,-67,159886,174684,154229,143991
/projetos/PRJ1513_GIRIFICACAO_CONTROLES/03_PROCS/PREPROC_DATA/LONGITUDINAL/SUBJ116/SUBJ116_ses-2.long.SUBJ116_tmpl,NaN,NaN,NaN,NaN,NaN,NaN
/projetos/PRJ1513_GIRIFICACAO_CONTROLES/03_PROCS/PREPROC_DATA/LONGITUDINAL/SUBJ116/SUBJ116_ses-3,-123,-123,143882,146798,135920,135920
/projetos/PRJ1513_GIRIFICACAO_CONTROLES/03_PROCS/PREPROC_DATA/LONGITUDINAL/SUBJ116/SUBJ116_ses-3.long.SUBJ116_tmpl,NaN,NaN,NaN,NaN,NaN,NaN
/projetos/PRJ1513_GIRIFICACAO_CONTROLES/03_PROCS/PREPROC_DATA/LONGITUDINAL/SUBJ116/SUBJ116_tmpl,-61,-45,151168,160768,146489,139431
/projetos/PRJ1513_GIRIFICACAO_CONTROLES/03_PROCS/PREPROC_DATA/LONGITUDINAL/SUBJ118/SUBJ118_ses-1,-31,-29,166234,170950,162003,166628
/projetos/PRJ1513_GIRIFICACAO_CONTROLES/03_PROCS/PREPROC_DATA/LONGITUDINAL/SUBJ118/SUBJ118_ses-1.long.SUBJ118_tmpl,NaN,NaN,NaN,NaN,NaN,NaN
/projetos/PRJ1513_GIRIFICACAO_CONTROLES/03_PROCS/PREPROC_DATA/LONGITUDINAL/SUBJ118/SUBJ118_ses-2,-48,-47,166078,171540,163456,167253
/projetos/PRJ1513_GIRIFICACAO_CONTROLES/03_PROCS/PREPROC_DATA/LONGITUDINAL/SUBJ118/SUBJ118_ses-2.long.SUBJ118_tmpl,NaN,NaN,NaN,NaN,NaN,NaN
/projetos/PRJ1513_GIRIFICACAO_CONTROLES/03_PROCS/PREPROC_DATA/LONGITUDINAL/SUBJ118/SUBJ118_ses-3,-29,-35,164738,167058,161591,163096
/projetos/PRJ1513_GIRIFICACAO_CONTROLES/03_PROCS/PREPROC_DATA/LONGITUDINAL/SUBJ118/SUBJ118_ses-3.long.SUBJ118_tmpl,NaN,NaN,NaN,NaN,NaN,NaN
/projetos/PRJ1513_GIRIFICACAO_CONTROLES/03_PROCS/PREPROC_DATA/LONGITUDINAL/SUBJ118/SUBJ118_tmpl,-25,-27,161556,167826,159917,164080
/projetos/PRJ1513_GIRIFICACAO_CONTROLES/03_PROCS/PREPROC_DATA/LONGITUDINAL/SUBJ119/SUBJ119_ses-1,-26,-27,156280,155830,154206,152637
/projetos/PRJ1513_GIRIFICACAO_CONTROLES/03_PROCS/PREPROC_DATA/LONGITUDINAL/SUBJ119/SUBJ119_ses-1.long.SUBJ119_tmpl,NaN,NaN,NaN,NaN,NaN,NaN
/projetos/PRJ1513_GIRIFICACAO_CONTROLES/03_PROCS/PREPROC_DATA/LONGITUDINAL/SUBJ119/SUBJ119_ses-2,-22,-16,152452,150908,150819,149416
/projetos/PRJ1513_GIRIFICACAO_CONTROLES/03_PROCS/PREPROC_DATA/LONGITUDINAL/SUBJ119/SUBJ119_ses-2.long.SUBJ119_tmpl,NaN,NaN,NaN,NaN,NaN,NaN
/projetos/PRJ1513_GIRIFICACAO_CONTROLES/03_PROCS/PREPROC_DATA/LONGITUDINAL/SUBJ119/SUBJ119_ses-3,-41,-30,150902,149696,149510,148387
/projetos/PRJ1513_GIRIFICACAO_CONTROLES/03_PROCS/PREPROC_DATA/LONGITUDINAL/SUBJ119/SUBJ119_ses-3.long.SUBJ119_tmpl,NaN,NaN,NaN,NaN,NaN,NaN
/projetos/PRJ1513_GIRIFICACAO_CONTROLES/03_PROCS/PREPROC_DATA/LONGITUDINAL/SUBJ119/SUBJ119_tmpl,-17,-15,152598,149372,151245,148607
/projetos/PRJ1513_GIRIFICACAO_CONTROLES/03_PROCS/PREPROC_DATA/LONGITUDINAL/SUBJ120/SUBJ120_ses-1,-69,-67,147218,147298,143948,143443
/projetos/PRJ1513_GIRIFICACAO_CONTROLES/03_PROCS/PREPROC_DATA/LONGITUDINAL/SUBJ120/SUBJ120_ses-1.long.SUBJ120_tmpl,NaN,NaN,NaN,NaN,NaN,NaN
/projetos/PRJ1513_GIRIFICACAO_CONTROLES/03_PROCS/PREPROC_DATA/LONGITUDINAL/SUBJ120/SUBJ120_tmpl,-55,-47,145004,144518,142380,140934
/projetos/PRJ1513_GIRIFICACAO_CONTROLES/03_PROCS/PREPROC_DATA/LONGITUDINAL/SUBJ121/SUBJ121_ses-1,-34,-36,164160,163566,161495,160728
/projetos/PRJ1513_GIRIFICACAO_CONTROLES/03_PROCS/PREPROC_DATA/LONGITUDINAL/SUBJ121/SUBJ121_ses-1.long.SUBJ121_tmpl,NaN,NaN,NaN,NaN,NaN,NaN
/projetos/PRJ1513_GIRIFICACAO_CONTROLES/03_PROCS/PREPROC_DATA/LONGITUDINAL/SUBJ121/SUBJ121_tmpl,-28,-41,159634,159496,157580,156795
/projetos/PRJ1513_GIRIFICACAO_CONTROLES/03_PROCS/PREPROC_DATA/LONGITUDINAL/SUBJ123/SUBJ123_ses-1,-69,-46,162640,164524,156817,159697
/projetos/PRJ1513_GIRIFICACAO_CONTROLES/03_PROCS/PREPROC_DATA/LONGITUDINAL/SUBJ123/SUBJ123_ses-1.long.SUBJ123_tmpl,NaN,NaN,NaN,NaN,NaN,NaN
/projetos/PRJ1513_GIRIFICACAO_CONTROLES/03_PROCS/PREPROC_DATA/LONGITUDINAL/SUBJ123/SUBJ123_tmpl,-42,-37,159350,161802,153680,156844
/projetos/PRJ1513_GIRIFICACAO_CONTROLES/03_PROCS/PREPROC_DATA/LONGITUDINAL/SUBJ124/SUBJ124_ses-1,-36,-41,130378,132036,129260,130237
/projetos/PRJ1513_GIRIFICACAO_CONTROLES/03_PROCS/PREPROC_DATA/LONGITUDINAL/SUBJ124/SUBJ124_ses-1.long.SUBJ124_tmpl,NaN,NaN,NaN,NaN,NaN,NaN
/projetos/PRJ1513_GIRIFICACAO_CONTROLES/03_PROCS/PREPROC_DATA/LONGITUDINAL/SUBJ124/SUBJ124_ses-2,-36,-42,128910,130468,126935,128467
/projetos/PRJ1513_GIRIFICACAO_CONTROLES/03_PROCS/PREPROC_DATA/LONGITUDINAL/SUBJ124/SUBJ124_ses-2.long.SUBJ124_tmpl,NaN,NaN,NaN,NaN,NaN,NaN
/projetos/PRJ1513_GIRIFICACAO_CONTROLES/03_PROCS/PREPROC_DATA/LONGITUDINAL/SUBJ124/SUBJ124_ses-3,-47,-41,125288,127780,123261,125591
/projetos/PRJ1513_GIRIFICACAO_CONTROLES/03_PROCS/PREPROC_DATA/LONGITUDINAL/SUBJ124/SUBJ124_ses-3.long.SUBJ124_tmpl,NaN,NaN,NaN,NaN,NaN,NaN
/projetos/PRJ1513_GIRIFICACAO_CONTROLES/03_PROCS/PREPROC_DATA/LONGITUDINAL/SUBJ124/SUBJ124_tmpl,-24,-19,125060,126796,123499,125913
/projetos/PRJ1513_GIRIFICACAO_CONTROLES/03_PROCS/PREPROC_DATA/LONGITUDINAL/SUBJ125/SUBJ125_ses-1,-43,-36,134186,135960,132017,133802
/projetos/PRJ1513_GIRIFICACAO_CONTROLES/03_PROCS/PREPROC_DATA/LONGITUDINAL/SUBJ125/SUBJ125_ses-1.long.SUBJ125_tmpl,NaN,NaN,NaN,NaN,NaN,NaN
/projetos/PRJ1513_GIRIFICACAO_CONTROLES/03_PROCS/PREPROC_DATA/LONGITUDINAL/SUBJ125/SUBJ125_ses-2,-41,-44,133318,137206,131222,134358
/projetos/PRJ1513_GIRIFICACAO_CONTROLES/03_PROCS/PREPROC_DATA/LONGITUDINAL/SUBJ125/SUBJ125_ses-2.long.SUBJ125_tmpl,NaN,NaN,NaN,NaN,NaN,NaN
/projetos/PRJ1513_GIRIFICACAO_CONTROLES/03_PROCS/PREPROC_DATA/LONGITUDINAL/SUBJ125/SUBJ125_ses-3,-59,-50,129252,133860,126139,131189
/projetos/PRJ1513_GIRIFICACAO_CONTROLES/03_PROCS/PREPROC_DATA/LONGITUDINAL/SUBJ125/SUBJ125_ses-3.long.SUBJ125_tmpl,NaN,NaN,NaN,NaN,NaN,NaN
/projetos/PRJ1513_GIRIFICACAO_CONTROLES/03_PROCS/PREPROC_DATA/LONGITUDINAL/SUBJ125/SUBJ125_tmpl,-20,-27,130448,131680,129101,130424
/projetos/PRJ1513_GIRIFICACAO_CONTROLES/03_PROCS/PREPROC_DATA/LONGITUDINAL/SUBJ128/SUBJ128_ses-1,-50,-55,145938,144246,141560,140898
/projetos/PRJ1513_GIRIFICACAO_CONTROLES/03_PROCS/PREPROC_DATA/LONGITUDINAL/SUBJ128/SUBJ128_ses-1.long.SUBJ128_tmpl,NaN,NaN,NaN,NaN,NaN,NaN
/projetos/PRJ1513_GIRIFICACAO_CONTROLES/03_PROCS/PREPROC_DATA/LONGITUDINAL/SUBJ128/SUBJ128_ses-2,-48,-62,146344,146872,141034,143427
/projetos/PRJ1513_GIRIFICACAO_CONTROLES/03_PROCS/PREPROC_DATA/LONGITUDINAL/SUBJ128/SUBJ128_ses-2.long.SUBJ128_tmpl,NaN,NaN,NaN,NaN,NaN,NaN
/projetos/PRJ1513_GIRIFICACAO_CONTROLES/03_PROCS/PREPROC_DATA/LONGITUDINAL/SUBJ128/SUBJ128_ses-3,-61,-81,137582,136166,134377,131913
/projetos/PRJ1513_GIRIFICACAO_CONTROLES/03_PROCS/PREPROC_DATA/LONGITUDINAL/SUBJ128/SUBJ128_ses-3.long.SUBJ128_tmpl,NaN,NaN,NaN,NaN,NaN,NaN
/projetos/PRJ1513_GIRIFICACAO_CONTROLES/03_PROCS/PREPROC_DATA/LONGITUDINAL/SUBJ128/SUBJ128_tmpl,-48,-61,139336,138978,135988,136647
/projetos/PRJ1513_GIRIFICACAO_CONTROLES/03_PROCS/PREPROC_DATA/LONGITUDINAL/SUBJ129/SUBJ129_ses-1,-68,-68,130470,131996,127577,128290
/projetos/PRJ1513_GIRIFICACAO_CONTROLES/03_PROCS/PREPROC_DATA/LONGITUDINAL/SUBJ129/SUBJ129_ses-1.long.SUBJ129_tmpl,NaN,NaN,NaN,NaN,NaN,NaN
/projetos/PRJ1513_GIRIFICACAO_CONTROLES/03_PROCS/PREPROC_DATA/LONGITUDINAL/SUBJ129/SUBJ129_ses-2,-73,-82,130032,132688,126668,128777
/projetos/PRJ1513_GIRIFICACAO_CONTROLES/03_PROCS/PREPROC_DATA/LONGITUDINAL/SUBJ129/SUBJ129_ses-2.long.SUBJ129_tmpl,NaN,NaN,NaN,NaN,NaN,NaN
/projetos/PRJ1513_GIRIFICACAO_CONTROLES/03_PROCS/PREPROC_DATA/LONGITUDINAL/SUBJ129/SUBJ129_ses-3,-86,-89,122862,126106,119681,122983
/projetos/PRJ1513_GIRIFICACAO_CONTROLES/03_PROCS/PREPROC_DATA/LONGITUDINAL/SUBJ129/SUBJ129_ses-3.long.SUBJ129_tmpl,NaN,NaN,NaN,NaN,NaN,NaN
/projetos/PRJ1513_GIRIFICACAO_CONTROLES/03_PROCS/PREPROC_DATA/LONGITUDINAL/SUBJ129/SUBJ129_tmpl,-42,-57,123828,125786,122246,123826
/projetos/PRJ1513_GIRIFICACAO_CONTROLES/03_PROCS/PREPROC_DATA/LONGITUDINAL/SUBJ130/SUBJ130_ses-1,-59,-66,140324,140732,134630,136186
/projetos/PRJ1513_GIRIFICACAO_CONTROLES/03_PROCS/PREPROC_DATA/LONGITUDINAL/SUBJ130/SUBJ130_ses-1.long.SUBJ130_tmpl,NaN,NaN,NaN,NaN,NaN,NaN
/projetos/PRJ1513_GIRIFICACAO_CONTROLES/03_PROCS/PREPROC_DATA/LONGITUDINAL/SUBJ130/SUBJ130_ses-2,-69,-74,138346,142524,134532,138347
/projetos/PRJ1513_GIRIFICACAO_CONTROLES/03_PROCS/PREPROC_DATA/LONGITUDINAL/SUBJ130/SUBJ130_ses-2.long.SUBJ130_tmpl,NaN,NaN,NaN,NaN,NaN,NaN
/projetos/PRJ1513_GIRIFICACAO_CONTROLES/03_PROCS/PREPROC_DATA/LONGITUDINAL/SUBJ130/SUBJ130_ses-3,-77,-83,136290,137952,132286,133477
/projetos/PRJ1513_GIRIFICACAO_CONTROLES/03_PROCS/PREPROC_DATA/LONGITUDINAL/SUBJ130/SUBJ130_ses-3.long.SUBJ130_tmpl,NaN,NaN,NaN,NaN,NaN,NaN
/projetos/PRJ1513_GIRIFICACAO_CONTROLES/03_PROCS/PREPROC_DATA/LONGITUDINAL/SUBJ130/SUBJ130_tmpl,-54,-58,134298,134950,130414,131236
/projetos/PRJ1513_GIRIFICACAO_CONTROLES/03_PROCS/PREPROC_DATA/LONGITUDINAL/SUBJ132/SUBJ132_ses-1,-59,-56,169950,169322,166678,165713
/projetos/PRJ1513_GIRIFICACAO_CONTROLES/03_PROCS/PREPROC_DATA/LONGITUDINAL/SUBJ132/SUBJ132_ses-1.long.SUBJ132_tmpl,NaN,NaN,NaN,NaN,NaN,NaN
/projetos/PRJ1513_GIRIFICACAO_CONTROLES/03_PROCS/PREPROC_DATA/LONGITUDINAL/SUBJ132/SUBJ132_ses-2,-32,-47,161292,165272,160172,162189
/projetos/PRJ1513_GIRIFICACAO_CONTROLES/03_PROCS/PREPROC_DATA/LONGITUDINAL/SUBJ132/SUBJ132_ses-2.long.SUBJ132_tmpl,NaN,NaN,NaN,NaN,NaN,NaN
/projetos/PRJ1513_GIRIFICACAO_CONTROLES/03_PROCS/PREPROC_DATA/LONGITUDINAL/SUBJ132/SUBJ132_ses-3,-27,-19,163826,166764,162131,162856
/projetos/PRJ1513_GIRIFICACAO_CONTROLES/03_PROCS/PREPROC_DATA/LONGITUDINAL/SUBJ132/SUBJ132_ses-3.long.SUBJ132_tmpl,NaN,NaN,NaN,NaN,NaN,NaN
/projetos/PRJ1513_GIRIFICACAO_CONTROLES/03_PROCS/PREPROC_DATA/LONGITUDINAL/SUBJ132/SUBJ132_tmpl,-39,-26,159604,161048,158082,158332
/projetos/PRJ1513_GIRIFICACAO_CONTROLES/03_PROCS/PREPROC_DATA/LONGITUDINAL/SUBJ133/SUBJ133_ses-1,-67,-56,168326,169542,162856,163862
/projetos/PRJ1513_GIRIFICACAO_CONTROLES/03_PROCS/PREPROC_DATA/LONGITUDINAL/SUBJ133/SUBJ133_ses-1.long.SUBJ133_tmpl,NaN,NaN,NaN,NaN,NaN,NaN
/projetos/PRJ1513_GIRIFICACAO_CONTROLES/03_PROCS/PREPROC_DATA/LONGITUDINAL/SUBJ133/SUBJ133_ses-2,-69,-66,166478,167900,160953,162857
/projetos/PRJ1513_GIRIFICACAO_CONTROLES/03_PROCS/PREPROC_DATA/LONGITUDINAL/SUBJ133/SUBJ133_ses-2.long.SUBJ133_tmpl,NaN,NaN,NaN,NaN,NaN,NaN
/projetos/PRJ1513_GIRIFICACAO_CONTROLES/03_PROCS/PREPROC_DATA/LONGITUDINAL/SUBJ133/SUBJ133_ses-3,-80,-74,165108,167220,159227,163394
/projetos/PRJ1513_GIRIFICACAO_CONTROLES/03_PROCS/PREPROC_DATA/LONGITUDINAL/SUBJ133/SUBJ133_ses-3.long.SUBJ133_tmpl,NaN,NaN,NaN,NaN,NaN,NaN
/projetos/PRJ1513_GIRIFICACAO_CONTROLES/03_PROCS/PREPROC_DATA/LONGITUDINAL/SUBJ133/SUBJ133_ses-4,-61,-75,162204,161046,155350,156339
/projetos/PRJ1513_GIRIFICACAO_CONTROLES/03_PROCS/PREPROC_DATA/LONGITUDINAL/SUBJ133/SUBJ133_ses-4.long.SUBJ133_tmpl,NaN,NaN,NaN,NaN,NaN,NaN
/projetos/PRJ1513_GIRIFICACAO_CONTROLES/03_PROCS/PREPROC_DATA/LONGITUDINAL/SUBJ133/SUBJ133_tmpl,-51,-44,155814,154090,151391,152772
/projetos/PRJ1513_GIRIFICACAO_CONTROLES/03_PROCS/PREPROC_DATA/LONGITUDINAL/SUBJ134/SUBJ134_ses-1,-32,-28,142106,142108,140164,140480
/projetos/PRJ1513_GIRIFICACAO_CONTROLES/03_PROCS/PREPROC_DATA/LONGITUDINAL/SUBJ134/SUBJ134_ses-1.long.SUBJ134_tmpl,NaN,NaN,NaN,NaN,NaN,NaN
/projetos/PRJ1513_GIRIFICACAO_CONTROLES/03_PROCS/PREPROC_DATA/LONGITUDINAL/SUBJ134/SUBJ134_ses-2,-32,-27,141306,140386,139654,138931
/projetos/PRJ1513_GIRIFICACAO_CONTROLES/03_PROCS/PREPROC_DATA/LONGITUDINAL/SUBJ134/SUBJ134_ses-2.long.SUBJ134_tmpl,NaN,NaN,NaN,NaN,NaN,NaN
/projetos/PRJ1513_GIRIFICACAO_CONTROLES/03_PROCS/PREPROC_DATA/LONGITUDINAL/SUBJ134/SUBJ134_ses-3,-21,-27,137312,138040,135629,136279
/projetos/PRJ1513_GIRIFICACAO_CONTROLES/03_PROCS/PREPROC_DATA/LONGITUDINAL/SUBJ134/SUBJ134_ses-3.long.SUBJ134_tmpl,NaN,NaN,NaN,NaN,NaN,NaN
/projetos/PRJ1513_GIRIFICACAO_CONTROLES/03_PROCS/PREPROC_DATA/LONGITUDINAL/SUBJ134/SUBJ134_tmpl,-18,-10,137108,137202,135984,136770
/projetos/PRJ1513_GIRIFICACAO_CONTROLES/03_PROCS/PREPROC_DATA/LONGITUDINAL/SUBJ135/SUBJ135_ses-1,-44,-53,142404,146434,140703,143471
/projetos/PRJ1513_GIRIFICACAO_CONTROLES/03_PROCS/PREPROC_DATA/LONGITUDINAL/SUBJ135/SUBJ135_ses-1.long.SUBJ135_tmpl,NaN,NaN,NaN,NaN,NaN,NaN
/projetos/PRJ1513_GIRIFICACAO_CONTROLES/03_PROCS/PREPROC_DATA/LONGITUDINAL/SUBJ135/SUBJ135_ses-2,-35,-38,142180,145100,140095,142062
/projetos/PRJ1513_GIRIFICACAO_CONTROLES/03_PROCS/PREPROC_DATA/LONGITUDINAL/SUBJ135/SUBJ135_ses-2.long.SUBJ135_tmpl,NaN,NaN,NaN,NaN,NaN,NaN
/projetos/PRJ1513_GIRIFICACAO_CONTROLES/03_PROCS/PREPROC_DATA/LONGITUDINAL/SUBJ135/SUBJ135_ses-3,-49,-53,132168,131946,130704,130553
/projetos/PRJ1513_GIRIFICACAO_CONTROLES/03_PROCS/PREPROC_DATA/LONGITUDINAL/SUBJ135/SUBJ135_ses-3.long.SUBJ135_tmpl,NaN,NaN,NaN,NaN,NaN,NaN
/projetos/PRJ1513_GIRIFICACAO_CONTROLES/03_PROCS/PREPROC_DATA/LONGITUDINAL/SUBJ135/SUBJ135_tmpl,-20,-28,137958,138854,137223,137019
/projetos/PRJ1513_GIRIFICACAO_CONTROLES/03_PROCS/PREPROC_DATA/LONGITUDINAL/SUBJ136/SUBJ136_ses-1,-45,-54,112142,122500,109357,119314
/projetos/PRJ1513_GIRIFICACAO_CONTROLES/03_PROCS/PREPROC_DATA/LONGITUDINAL/SUBJ136/SUBJ136_ses-1.long.SUBJ136_tmpl,NaN,NaN,NaN,NaN,NaN,NaN
/projetos/PRJ1513_GIRIFICACAO_CONTROLES/03_PROCS/PREPROC_DATA/LONGITUDINAL/SUBJ136/SUBJ136_ses-2,-53,-72,108158,120626,104473,117247
/projetos/PRJ1513_GIRIFICACAO_CONTROLES/03_PROCS/PREPROC_DATA/LONGITUDINAL/SUBJ136/SUBJ136_ses-2.long.SUBJ136_tmpl,NaN,NaN,NaN,NaN,NaN,NaN
/projetos/PRJ1513_GIRIFICACAO_CONTROLES/03_PROCS/PREPROC_DATA/LONGITUDINAL/SUBJ136/SUBJ136_tmpl,-39,-56,108518,118350,105677,115249
/projetos/PRJ1513_GIRIFICACAO_CONTROLES/03_PROCS/PREPROC_DATA/LONGITUDINAL/SUBJ137/SUBJ137_ses-1,-55,-54,135796,134940,131511,132061
/projetos/PRJ1513_GIRIFICACAO_CONTROLES/03_PROCS/PREPROC_DATA/LONGITUDINAL/SUBJ137/SUBJ137_ses-1.long.SUBJ137_tmpl,NaN,NaN,NaN,NaN,NaN,NaN
/projetos/PRJ1513_GIRIFICACAO_CONTROLES/03_PROCS/PREPROC_DATA/LONGITUDINAL/SUBJ137/SUBJ137_ses-2,-66,-68,135952,135174,130916,131181
/projetos/PRJ1513_GIRIFICACAO_CONTROLES/03_PROCS/PREPROC_DATA/LONGITUDINAL/SUBJ137/SUBJ137_ses-2.long.SUBJ137_tmpl,NaN,NaN,NaN,NaN,NaN,NaN
/projetos/PRJ1513_GIRIFICACAO_CONTROLES/03_PROCS/PREPROC_DATA/LONGITUDINAL/SUBJ137/SUBJ137_ses-3,-41,-41,126020,128768,123460,125788
/projetos/PRJ1513_GIRIFICACAO_CONTROLES/03_PROCS/PREPROC_DATA/LONGITUDINAL/SUBJ137/SUBJ137_ses-3.long.SUBJ137_tmpl,NaN,NaN,NaN,NaN,NaN,NaN
/projetos/PRJ1513_GIRIFICACAO_CONTROLES/03_PROCS/PREPROC_DATA/LONGITUDINAL/SUBJ137/SUBJ137_tmpl,-44,-50,131592,130748,127468,127895
/projetos/PRJ1513_GIRIFICACAO_CONTROLES/03_PROCS/PREPROC_DATA/LONGITUDINAL/SUBJ138/SUBJ138_ses-1,-36,-44,144666,150222,141836,147563
/projetos/PRJ1513_GIRIFICACAO_CONTROLES/03_PROCS/PREPROC_DATA/LONGITUDINAL/SUBJ138/SUBJ138_ses-1.long.SUBJ138_tmpl,NaN,NaN,NaN,NaN,NaN,NaN
/projetos/PRJ1513_GIRIFICACAO_CONTROLES/03_PROCS/PREPROC_DATA/LONGITUDINAL/SUBJ138/SUBJ138_ses-2,-60,-43,136026,135116,132887,133154
/projetos/PRJ1513_GIRIFICACAO_CONTROLES/03_PROCS/PREPROC_DATA/LONGITUDINAL/SUBJ138/SUBJ138_ses-2.long.SUBJ138_tmpl,NaN,NaN,NaN,NaN,NaN,NaN
/projetos/PRJ1513_GIRIFICACAO_CONTROLES/03_PROCS/PREPROC_DATA/LONGITUDINAL/SUBJ138/SUBJ138_ses-3,-34,-37,144226,151576,142014,149269
/projetos/PRJ1513_GIRIFICACAO_CONTROLES/03_PROCS/PREPROC_DATA/LONGITUDINAL/SUBJ138/SUBJ138_ses-3.long.SUBJ138_tmpl,NaN,NaN,NaN,NaN,NaN,NaN
/projetos/PRJ1513_GIRIFICACAO_CONTROLES/03_PROCS/PREPROC_DATA/LONGITUDINAL/SUBJ138/SUBJ138_ses-4,-25,-15,127860,131180,126191,129669
/projetos/PRJ1513_GIRIFICACAO_CONTROLES/03_PROCS/PREPROC_DATA/LONGITUDINAL/SUBJ138/SUBJ138_ses-4.long.SUBJ138_tmpl,NaN,NaN,NaN,NaN,NaN,NaN
/projetos/PRJ1513_GIRIFICACAO_CONTROLES/03_PROCS/PREPROC_DATA/LONGITUDINAL/SUBJ138/SUBJ138_tmpl,-73,-63,136580,137810,130003,132866
/projetos/PRJ1513_GIRIFICACAO_CONTROLES/03_PROCS/PREPROC_DATA/LONGITUDINAL/SUBJ139/SUBJ139_ses-1,-47,-64,130902,129984,128812,127358
/projetos/PRJ1513_GIRIFICACAO_CONTROLES/03_PROCS/PREPROC_DATA/LONGITUDINAL/SUBJ139/SUBJ139_ses-1.long.SUBJ139_tmpl,NaN,NaN,NaN,NaN,NaN,NaN
/projetos/PRJ1513_GIRIFICACAO_CONTROLES/03_PROCS/PREPROC_DATA/LONGITUDINAL/SUBJ139/SUBJ139_ses-2,-40,-58,131428,133584,128977,130555
/projetos/PRJ1513_GIRIFICACAO_CONTROLES/03_PROCS/PREPROC_DATA/LONGITUDINAL/SUBJ139/SUBJ139_ses-2.long.SUBJ139_tmpl,NaN,NaN,NaN,NaN,NaN,NaN
/projetos/PRJ1513_GIRIFICACAO_CONTROLES/03_PROCS/PREPROC_DATA/LONGITUDINAL/SUBJ139/SUBJ139_ses-3,-33,-37,127500,126634,126163,124693
/projetos/PRJ1513_GIRIFICACAO_CONTROLES/03_PROCS/PREPROC_DATA/LONGITUDINAL/SUBJ139/SUBJ139_ses-3.long.SUBJ139_tmpl,NaN,NaN,NaN,NaN,NaN,NaN
/projetos/PRJ1513_GIRIFICACAO_CONTROLES/03_PROCS/PREPROC_DATA/LONGITUDINAL/SUBJ139/SUBJ139_tmpl,-28,-42,126666,127306,125801,125246
/projetos/PRJ1513_GIRIFICACAO_CONTROLES/03_PROCS/PREPROC_DATA/LONGITUDINAL/SUBJ140/SUBJ140_ses-1,-60,-51,160934,161704,154943,156222
/projetos/PRJ1513_GIRIFICACAO_CONTROLES/03_PROCS/PREPROC_DATA/LONGITUDINAL/SUBJ140/SUBJ140_ses-1.long.SUBJ140_tmpl,NaN,NaN,NaN,NaN,NaN,NaN
/projetos/PRJ1513_GIRIFICACAO_CONTROLES/03_PROCS/PREPROC_DATA/LONGITUDINAL/SUBJ140/SUBJ140_ses-2,-67,-69,164276,165534,158342,160776
/projetos/PRJ1513_GIRIFICACAO_CONTROLES/03_PROCS/PREPROC_DATA/LONGITUDINAL/SUBJ140/SUBJ140_ses-2.long.SUBJ140_tmpl,NaN,NaN,NaN,NaN,NaN,NaN
/projetos/PRJ1513_GIRIFICACAO_CONTROLES/03_PROCS/PREPROC_DATA/LONGITUDINAL/SUBJ140/SUBJ140_ses-3,-66,-85,157710,158806,151672,153349
/projetos/PRJ1513_GIRIFICACAO_CONTROLES/03_PROCS/PREPROC_DATA/LONGITUDINAL/SUBJ140/SUBJ140_ses-3.long.SUBJ140_tmpl,NaN,NaN,NaN,NaN,NaN,NaN
/projetos/PRJ1513_GIRIFICACAO_CONTROLES/03_PROCS/PREPROC_DATA/LONGITUDINAL/SUBJ140/SUBJ140_tmpl,-42,-36,154088,155016,149583,150366
/projetos/PRJ1513_GIRIFICACAO_CONTROLES/03_PROCS/PREPROC_DATA/LONGITUDINAL/SUBJ141/SUBJ141_ses-1,-80,-82,185188,185182,178367,177784
/projetos/PRJ1513_GIRIFICACAO_CONTROLES/03_PROCS/PREPROC_DATA/LONGITUDINAL/SUBJ141/SUBJ141_ses-1.long.SUBJ141_tmpl,NaN,NaN,NaN,NaN,NaN,NaN
/projetos/PRJ1513_GIRIFICACAO_CONTROLES/03_PROCS/PREPROC_DATA/LONGITUDINAL/SUBJ141/SUBJ141_tmpl,-69,-75,184474,182718,178060,175776
/projetos/PRJ1513_GIRIFICACAO_CONTROLES/03_PROCS/PREPROC_DATA/LONGITUDINAL/SUBJ142/SUBJ142_ses-1,-39,-52,132502,134432,130508,132354
/projetos/PRJ1513_GIRIFICACAO_CONTROLES/03_PROCS/PREPROC_DATA/LONGITUDINAL/SUBJ142/SUBJ142_ses-1.long.SUBJ142_tmpl,NaN,NaN,NaN,NaN,NaN,NaN
/projetos/PRJ1513_GIRIFICACAO_CONTROLES/03_PROCS/PREPROC_DATA/LONGITUDINAL/SUBJ142/SUBJ142_ses-2,-23,-37,135860,138498,134207,136246
/projetos/PRJ1513_GIRIFICACAO_CONTROLES/03_PROCS/PREPROC_DATA/LONGITUDINAL/SUBJ142/SUBJ142_ses-2.long.SUBJ142_tmpl,NaN,NaN,NaN,NaN,NaN,NaN
/projetos/PRJ1513_GIRIFICACAO_CONTROLES/03_PROCS/PREPROC_DATA/LONGITUDINAL/SUBJ142/SUBJ142_ses-3,-37,-43,128822,129268,125994,127083
/projetos/PRJ1513_GIRIFICACAO_CONTROLES/03_PROCS/PREPROC_DATA/LONGITUDINAL/SUBJ142/SUBJ142_ses-3.long.SUBJ142_tmpl,NaN,NaN,NaN,NaN,NaN,NaN
/projetos/PRJ1513_GIRIFICACAO_CONTROLES/03_PROCS/PREPROC_DATA/LONGITUDINAL/SUBJ142/SUBJ142_tmpl,-24,-25,128416,130064,126646,128597
/projetos/PRJ1513_GIRIFICACAO_CONTROLES/03_PROCS/PREPROC_DATA/LONGITUDINAL/SUBJ143/SUBJ143_ses-1,-69,-68,159040,154436,155899,150967
/projetos/PRJ1513_GIRIFICACAO_CONTROLES/03_PROCS/PREPROC_DATA/LONGITUDINAL/SUBJ143/SUBJ143_ses-1.long.SUBJ143_tmpl,NaN,NaN,NaN,NaN,NaN,NaN
/projetos/PRJ1513_GIRIFICACAO_CONTROLES/03_PROCS/PREPROC_DATA/LONGITUDINAL/SUBJ143/SUBJ143_ses-2,-62,-66,156232,156190,152407,152334
/projetos/PRJ1513_GIRIFICACAO_CONTROLES/03_PROCS/PREPROC_DATA/LONGITUDINAL/SUBJ143/SUBJ143_ses-2.long.SUBJ143_tmpl,NaN,NaN,NaN,NaN,NaN,NaN
/projetos/PRJ1513_GIRIFICACAO_CONTROLES/03_PROCS/PREPROC_DATA/LONGITUDINAL/SUBJ143/SUBJ143_ses-3,-93,-54,146386,147264,143519,144167
/projetos/PRJ1513_GIRIFICACAO_CONTROLES/03_PROCS/PREPROC_DATA/LONGITUDINAL/SUBJ143/SUBJ143_ses-3.long.SUBJ143_tmpl,NaN,NaN,NaN,NaN,NaN,NaN
/projetos/PRJ1513_GIRIFICACAO_CONTROLES/03_PROCS/PREPROC_DATA/LONGITUDINAL/SUBJ143/SUBJ143_tmpl,-51,-35,149028,148096,146513,145826
/projetos/PRJ1513_GIRIFICACAO_CONTROLES/03_PROCS/PREPROC_DATA/LONGITUDINAL/SUBJ144/SUBJ144_ses-1,-129,-150,151134,151974,145885,145434
/projetos/PRJ1513_GIRIFICACAO_CONTROLES/03_PROCS/PREPROC_DATA/LONGITUDINAL/SUBJ144/SUBJ144_ses-1.long.SUBJ144_tmpl,NaN,NaN,NaN,NaN,NaN,NaN
/projetos/PRJ1513_GIRIFICACAO_CONTROLES/03_PROCS/PREPROC_DATA/LONGITUDINAL/SUBJ144/SUBJ144_ses-2,-113,-101,156572,166106,151882,151420
/projetos/PRJ1513_GIRIFICACAO_CONTROLES/03_PROCS/PREPROC_DATA/LONGITUDINAL/SUBJ144/SUBJ144_ses-2.long.SUBJ144_tmpl,NaN,NaN,NaN,NaN,NaN,NaN
/projetos/PRJ1513_GIRIFICACAO_CONTROLES/03_PROCS/PREPROC_DATA/LONGITUDINAL/SUBJ144/SUBJ144_ses-3,-182,-180,149034,157926,137269,140443
/projetos/PRJ1513_GIRIFICACAO_CONTROLES/03_PROCS/PREPROC_DATA/LONGITUDINAL/SUBJ144/SUBJ144_ses-3.long.SUBJ144_tmpl,NaN,NaN,NaN,NaN,NaN,NaN
/projetos/PRJ1513_GIRIFICACAO_CONTROLES/03_PROCS/PREPROC_DATA/LONGITUDINAL/SUBJ144/SUBJ144_tmpl,-102,-87,147434,153754,142191,140551
/projetos/PRJ1513_GIRIFICACAO_CONTROLES/03_PROCS/PREPROC_DATA/LONGITUDINAL/SUBJ146/SUBJ146_ses-1,-58,-64,149012,154060,144959,149494
/projetos/PRJ1513_GIRIFICACAO_CONTROLES/03_PROCS/PREPROC_DATA/LONGITUDINAL/SUBJ146/SUBJ146_ses-1.long.SUBJ146_tmpl,NaN,NaN,NaN,NaN,NaN,NaN
/projetos/PRJ1513_GIRIFICACAO_CONTROLES/03_PROCS/PREPROC_DATA/LONGITUDINAL/SUBJ146/SUBJ146_tmpl,-60,-61,149566,152546,145868,148076
/projetos/PRJ1513_GIRIFICACAO_CONTROLES/03_PROCS/PREPROC_DATA/LONGITUDINAL/SUBJ147/SUBJ147_ses-1,-76,-87,131842,132068,127746,128591
/projetos/PRJ1513_GIRIFICACAO_CONTROLES/03_PROCS/PREPROC_DATA/LONGITUDINAL/SUBJ147/SUBJ147_ses-1.long.SUBJ147_tmpl,NaN,NaN,NaN,NaN,NaN,NaN
/projetos/PRJ1513_GIRIFICACAO_CONTROLES/03_PROCS/PREPROC_DATA/LONGITUDINAL/SUBJ147/SUBJ147_tmpl,-72,-58,128718,129904,125566,127125
/projetos/PRJ1513_GIRIFICACAO_CONTROLES/03_PROCS/PREPROC_DATA/LONGITUDINAL/SUBJ148/SUBJ148_ses-1,-40,-41,140258,139986,138368,138505
/projetos/PRJ1513_GIRIFICACAO_CONTROLES/03_PROCS/PREPROC_DATA/LONGITUDINAL/SUBJ148/SUBJ148_ses-1.long.SUBJ148_tmpl,NaN,NaN,NaN,NaN,NaN,NaN
/projetos/PRJ1513_GIRIFICACAO_CONTROLES/03_PROCS/PREPROC_DATA/LONGITUDINAL/SUBJ148/SUBJ148_ses-2,-24,-53,138534,143364,136968,141192
/projetos/PRJ1513_GIRIFICACAO_CONTROLES/03_PROCS/PREPROC_DATA/LONGITUDINAL/SUBJ148/SUBJ148_ses-2.long.SUBJ148_tmpl,NaN,NaN,NaN,NaN,NaN,NaN
/projetos/PRJ1513_GIRIFICACAO_CONTROLES/03_PROCS/PREPROC_DATA/LONGITUDINAL/SUBJ148/SUBJ148_ses-3,-29,-36,138476,142898,136492,141839
/projetos/PRJ1513_GIRIFICACAO_CONTROLES/03_PROCS/PREPROC_DATA/LONGITUDINAL/SUBJ148/SUBJ148_ses-3.long.SUBJ148_tmpl,NaN,NaN,NaN,NaN,NaN,NaN
/projetos/PRJ1513_GIRIFICACAO_CONTROLES/03_PROCS/PREPROC_DATA/LONGITUDINAL/SUBJ148/SUBJ148_tmpl,-24,-29,136056,139180,134687,137452
/projetos/PRJ1513_GIRIFICACAO_CONTROLES/03_PROCS/PREPROC_DATA/LONGITUDINAL/SUBJ152/SUBJ152_ses-1,-64,-61,153288,157842,148128,153193
/projetos/PRJ1513_GIRIFICACAO_CONTROLES/03_PROCS/PREPROC_DATA/LONGITUDINAL/SUBJ152/SUBJ152_ses-1.long.SUBJ152_tmpl,NaN,NaN,NaN,NaN,NaN,NaN
/projetos/PRJ1513_GIRIFICACAO_CONTROLES/03_PROCS/PREPROC_DATA/LONGITUDINAL/SUBJ152/SUBJ152_ses-2,-48,-71,150120,148706,146016,143769
/projetos/PRJ1513_GIRIFICACAO_CONTROLES/03_PROCS/PREPROC_DATA/LONGITUDINAL/SUBJ152/SUBJ152_ses-2.long.SUBJ152_tmpl,NaN,NaN,NaN,NaN,NaN,NaN
/projetos/PRJ1513_GIRIFICACAO_CONTROLES/03_PROCS/PREPROC_DATA/LONGITUDINAL/SUBJ152/SUBJ152_tmpl,-32,-37,143332,144992,139896,143173
/projetos/PRJ1513_GIRIFICACAO_CONTROLES/03_PROCS/PREPROC_DATA/LONGITUDINAL/SUBJ153/SUBJ153_ses-1,-46,-48,140190,141862,136833,139027
/projetos/PRJ1513_GIRIFICACAO_CONTROLES/03_PROCS/PREPROC_DATA/LONGITUDINAL/SUBJ153/SUBJ153_ses-1.long.SUBJ153_tmpl,NaN,NaN,NaN,NaN,NaN,NaN
/projetos/PRJ1513_GIRIFICACAO_CONTROLES/03_PROCS/PREPROC_DATA/LONGITUDINAL/SUBJ153/SUBJ153_ses-2,-64,-36,130614,132816,127801,130421
/projetos/PRJ1513_GIRIFICACAO_CONTROLES/03_PROCS/PREPROC_DATA/LONGITUDINAL/SUBJ153/SUBJ153_ses-2.long.SUBJ153_tmpl,NaN,NaN,NaN,NaN,NaN,NaN
/projetos/PRJ1513_GIRIFICACAO_CONTROLES/03_PROCS/PREPROC_DATA/LONGITUDINAL/SUBJ153/SUBJ153_tmpl,-49,-29,131414,133544,128726,131458
/projetos/PRJ1513_GIRIFICACAO_CONTROLES/03_PROCS/PREPROC_DATA/LONGITUDINAL/SUBJ154/SUBJ154_ses-1,-56,-78,133676,136964,131222,132181
/projetos/PRJ1513_GIRIFICACAO_CONTROLES/03_PROCS/PREPROC_DATA/LONGITUDINAL/SUBJ154/SUBJ154_ses-1.long.SUBJ154_tmpl,NaN,NaN,NaN,NaN,NaN,NaN
/projetos/PRJ1513_GIRIFICACAO_CONTROLES/03_PROCS/PREPROC_DATA/LONGITUDINAL/SUBJ154/SUBJ154_ses-2,-60,-79,130522,131422,127896,128991
/projetos/PRJ1513_GIRIFICACAO_CONTROLES/03_PROCS/PREPROC_DATA/LONGITUDINAL/SUBJ154/SUBJ154_ses-2.long.SUBJ154_tmpl,NaN,NaN,NaN,NaN,NaN,NaN
/projetos/PRJ1513_GIRIFICACAO_CONTROLES/03_PROCS/PREPROC_DATA/LONGITUDINAL/SUBJ154/SUBJ154_ses-3,-69,-71,127976,126938,124035,124516
/projetos/PRJ1513_GIRIFICACAO_CONTROLES/03_PROCS/PREPROC_DATA/LONGITUDINAL/SUBJ154/SUBJ154_ses-3.long.SUBJ154_tmpl,NaN,NaN,NaN,NaN,NaN,NaN
/projetos/PRJ1513_GIRIFICACAO_CONTROLES/03_PROCS/PREPROC_DATA/LONGITUDINAL/SUBJ154/SUBJ154_tmpl,-47,-65,128398,128738,126119,126067
/projetos/PRJ1513_GIRIFICACAO_CONTROLES/03_PROCS/PREPROC_DATA/LONGITUDINAL/SUBJ155/SUBJ155_ses-1,-46,-36,137624,138730,135701,136859
/projetos/PRJ1513_GIRIFICACAO_CONTROLES/03_PROCS/PREPROC_DATA/LONGITUDINAL/SUBJ155/SUBJ155_ses-1.long.SUBJ155_tmpl,NaN,NaN,NaN,NaN,NaN,NaN
/projetos/PRJ1513_GIRIFICACAO_CONTROLES/03_PROCS/PREPROC_DATA/LONGITUDINAL/SUBJ155/SUBJ155_ses-2,-52,-59,142346,146486,137624,134342
/projetos/PRJ1513_GIRIFICACAO_CONTROLES/03_PROCS/PREPROC_DATA/LONGITUDINAL/SUBJ155/SUBJ155_ses-2.long.SUBJ155_tmpl,NaN,NaN,NaN,NaN,NaN,NaN
/projetos/PRJ1513_GIRIFICACAO_CONTROLES/03_PROCS/PREPROC_DATA/LONGITUDINAL/SUBJ155/SUBJ155_ses-3,-25,-35,125380,127600,124250,125815
/projetos/PRJ1513_GIRIFICACAO_CONTROLES/03_PROCS/PREPROC_DATA/LONGITUDINAL/SUBJ155/SUBJ155_ses-3.long.SUBJ155_tmpl,NaN,NaN,NaN,NaN,NaN,NaN
/projetos/PRJ1513_GIRIFICACAO_CONTROLES/03_PROCS/PREPROC_DATA/LONGITUDINAL/SUBJ155/SUBJ155_tmpl,-25,-45,134784,136150,132901,133747
/projetos/PRJ1513_GIRIFICACAO_CONTROLES/03_PROCS/PREPROC_DATA/LONGITUDINAL/SUBJ157/SUBJ157_ses-1,-53,-63,139512,141554,136806,139239
/projetos/PRJ1513_GIRIFICACAO_CONTROLES/03_PROCS/PREPROC_DATA/LONGITUDINAL/SUBJ157/SUBJ157_ses-1.long.SUBJ157_tmpl,NaN,NaN,NaN,NaN,NaN,NaN
/projetos/PRJ1513_GIRIFICACAO_CONTROLES/03_PROCS/PREPROC_DATA/LONGITUDINAL/SUBJ157/SUBJ157_ses-2,-61,-62,138418,138828,136477,136466
/projetos/PRJ1513_GIRIFICACAO_CONTROLES/03_PROCS/PREPROC_DATA/LONGITUDINAL/SUBJ157/SUBJ157_ses-2.long.SUBJ157_tmpl,NaN,NaN,NaN,NaN,NaN,NaN
/projetos/PRJ1513_GIRIFICACAO_CONTROLES/03_PROCS/PREPROC_DATA/LONGITUDINAL/SUBJ157/SUBJ157_ses-3,-55,-50,119682,120640,117771,118790
/projetos/PRJ1513_GIRIFICACAO_CONTROLES/03_PROCS/PREPROC_DATA/LONGITUDINAL/SUBJ157/SUBJ157_ses-3.long.SUBJ157_tmpl,NaN,NaN,NaN,NaN,NaN,NaN
/projetos/PRJ1513_GIRIFICACAO_CONTROLES/03_PROCS/PREPROC_DATA/LONGITUDINAL/SUBJ157/SUBJ157_tmpl,-45,-47,130730,130894,129243,129207
/projetos/PRJ1513_GIRIFICACAO_CONTROLES/03_PROCS/PREPROC_DATA/LONGITUDINAL/SUBJ161/SUBJ161_ses-1,-37,-34,142356,146294,140757,144620
/projetos/PRJ1513_GIRIFICACAO_CONTROLES/03_PROCS/PREPROC_DATA/LONGITUDINAL/SUBJ161/SUBJ161_ses-1.long.SUBJ161_tmpl,NaN,NaN,NaN,NaN,NaN,NaN
/projetos/PRJ1513_GIRIFICACAO_CONTROLES/03_PROCS/PREPROC_DATA/LONGITUDINAL/SUBJ161/SUBJ161_ses-2,-44,-18,145036,146278,143322,145034
/projetos/PRJ1513_GIRIFICACAO_CONTROLES/03_PROCS/PREPROC_DATA/LONGITUDINAL/SUBJ161/SUBJ161_ses-2.long.SUBJ161_tmpl,NaN,NaN,NaN,NaN,NaN,NaN
/projetos/PRJ1513_GIRIFICACAO_CONTROLES/03_PROCS/PREPROC_DATA/LONGITUDINAL/SUBJ161/SUBJ161_ses-3,-29,-41,140356,143690,138289,141459
/projetos/PRJ1513_GIRIFICACAO_CONTROLES/03_PROCS/PREPROC_DATA/LONGITUDINAL/SUBJ161/SUBJ161_ses-3.long.SUBJ161_tmpl,NaN,NaN,NaN,NaN,NaN,NaN
/projetos/PRJ1513_GIRIFICACAO_CONTROLES/03_PROCS/PREPROC_DATA/LONGITUDINAL/SUBJ161/SUBJ161_tmpl,-29,-27,139360,143044,137875,141228
/projetos/PRJ1513_GIRIFICACAO_CONTROLES/03_PROCS/PREPROC_DATA/LONGITUDINAL/SUBJ162/SUBJ162_ses-1,-25,-16,153716,156596,151986,154792
/projetos/PRJ1513_GIRIFICACAO_CONTROLES/03_PROCS/PREPROC_DATA/LONGITUDINAL/SUBJ162/SUBJ162_ses-1.long.SUBJ162_tmpl,NaN,NaN,NaN,NaN,NaN,NaN
/projetos/PRJ1513_GIRIFICACAO_CONTROLES/03_PROCS/PREPROC_DATA/LONGITUDINAL/SUBJ162/SUBJ162_tmpl,-22,-25,152872,156294,151300,154340
/projetos/PRJ1513_GIRIFICACAO_CONTROLES/03_PROCS/PREPROC_DATA/LONGITUDINAL/SUBJ163/SUBJ163_ses-1,-40,-36,144670,143878,141824,141825
/projetos/PRJ1513_GIRIFICACAO_CONTROLES/03_PROCS/PREPROC_DATA/LONGITUDINAL/SUBJ163/SUBJ163_ses-1.long.SUBJ163_tmpl,NaN,NaN,NaN,NaN,NaN,NaN
/projetos/PRJ1513_GIRIFICACAO_CONTROLES/03_PROCS/PREPROC_DATA/LONGITUDINAL/SUBJ163/SUBJ163_tmpl,-34,-32,143326,143090,140340,140771
/projetos/PRJ1513_GIRIFICACAO_CONTROLES/03_PROCS/PREPROC_DATA/LONGITUDINAL/SUBJ164/SUBJ164_ses-1,-49,-41,140486,141960,136798,138679
/projetos/PRJ1513_GIRIFICACAO_CONTROLES/03_PROCS/PREPROC_DATA/LONGITUDINAL/SUBJ164/SUBJ164_ses-1.long.SUBJ164_tmpl,NaN,NaN,NaN,NaN,NaN,NaN
/projetos/PRJ1513_GIRIFICACAO_CONTROLES/03_PROCS/PREPROC_DATA/LONGITUDINAL/SUBJ164/SUBJ164_tmpl,-49,-39,139440,138738,135397,136480
/projetos/PRJ1513_GIRIFICACAO_CONTROLES/03_PROCS/PREPROC_DATA/LONGITUDINAL/SUBJ166/SUBJ166_ses-1,-63,-64,145184,147268,141927,144117
/projetos/PRJ1513_GIRIFICACAO_CONTROLES/03_PROCS/PREPROC_DATA/LONGITUDINAL/SUBJ166/SUBJ166_ses-1.long.SUBJ166_tmpl,NaN,NaN,NaN,NaN,NaN,NaN
/projetos/PRJ1513_GIRIFICACAO_CONTROLES/03_PROCS/PREPROC_DATA/LONGITUDINAL/SUBJ166/SUBJ166_ses-2,-38,-49,144480,144120,141601,141204
/projetos/PRJ1513_GIRIFICACAO_CONTROLES/03_PROCS/PREPROC_DATA/LONGITUDINAL/SUBJ166/SUBJ166_ses-2.long.SUBJ166_tmpl,NaN,NaN,NaN,NaN,NaN,NaN
/projetos/PRJ1513_GIRIFICACAO_CONTROLES/03_PROCS/PREPROC_DATA/LONGITUDINAL/SUBJ166/SUBJ166_ses-3,-60,-64,148340,148684,143964,145147
/projetos/PRJ1513_GIRIFICACAO_CONTROLES/03_PROCS/PREPROC_DATA/LONGITUDINAL/SUBJ166/SUBJ166_ses-3.long.SUBJ166_tmpl,NaN,NaN,NaN,NaN,NaN,NaN
/projetos/PRJ1513_GIRIFICACAO_CONTROLES/03_PROCS/PREPROC_DATA/LONGITUDINAL/SUBJ166/SUBJ166_tmpl,-46,-32,140346,140174,137816,138518
/projetos/PRJ1513_GIRIFICACAO_CONTROLES/03_PROCS/PREPROC_DATA/LONGITUDINAL/SUBJ167/SUBJ167_ses-1,-49,-68,164552,162580,158768,159309
/projetos/PRJ1513_GIRIFICACAO_CONTROLES/03_PROCS/PREPROC_DATA/LONGITUDINAL/SUBJ167/SUBJ167_ses-1.long.SUBJ167_tmpl,NaN,NaN,NaN,NaN,NaN,NaN
/projetos/PRJ1513_GIRIFICACAO_CONTROLES/03_PROCS/PREPROC_DATA/LONGITUDINAL/SUBJ167/SUBJ167_tmpl,-62,-64,164722,162346,159149,158982
/projetos/PRJ1513_GIRIFICACAO_CONTROLES/03_PROCS/PREPROC_DATA/LONGITUDINAL/SUBJ168/SUBJ168_ses-1,-33,-34,163054,163848,159980,161275
/projetos/PRJ1513_GIRIFICACAO_CONTROLES/03_PROCS/PREPROC_DATA/LONGITUDINAL/SUBJ168/SUBJ168_ses-1.long.SUBJ168_tmpl,NaN,NaN,NaN,NaN,NaN,NaN
/projetos/PRJ1513_GIRIFICACAO_CONTROLES/03_PROCS/PREPROC_DATA/LONGITUDINAL/SUBJ168/SUBJ168_tmpl,-32,-30,158408,159708,156299,157575
/projetos/PRJ1513_GIRIFICACAO_CONTROLES/03_PROCS/PREPROC_DATA/LONGITUDINAL/SUBJ170/SUBJ170_ses-1,-47,-64,135212,136472,133051,132648
/projetos/PRJ1513_GIRIFICACAO_CONTROLES/03_PROCS/PREPROC_DATA/LONGITUDINAL/SUBJ170/SUBJ170_ses-1.long.SUBJ170_tmpl,NaN,NaN,NaN,NaN,NaN,NaN
/projetos/PRJ1513_GIRIFICACAO_CONTROLES/03_PROCS/PREPROC_DATA/LONGITUDINAL/SUBJ170/SUBJ170_ses-2,-57,-77,134342,135076,131577,131754
/projetos/PRJ1513_GIRIFICACAO_CONTROLES/03_PROCS/PREPROC_DATA/LONGITUDINAL/SUBJ170/SUBJ170_ses-2.long.SUBJ170_tmpl,NaN,NaN,NaN,NaN,NaN,NaN
/projetos/PRJ1513_GIRIFICACAO_CONTROLES/03_PROCS/PREPROC_DATA/LONGITUDINAL/SUBJ170/SUBJ170_ses-3,-64,-70,140022,139980,136487,135822
/projetos/PRJ1513_GIRIFICACAO_CONTROLES/03_PROCS/PREPROC_DATA/LONGITUDINAL/SUBJ170/SUBJ170_ses-3.long.SUBJ170_tmpl,NaN,NaN,NaN,NaN,NaN,NaN
/projetos/PRJ1513_GIRIFICACAO_CONTROLES/03_PROCS/PREPROC_DATA/LONGITUDINAL/SUBJ170/SUBJ170_tmpl,-38,-45,133384,135040,131907,132202
/projetos/PRJ1513_GIRIFICACAO_CONTROLES/03_PROCS/PREPROC_DATA/LONGITUDINAL/SUBJ171/SUBJ171_ses-1,-46,-61,148550,151388,146336,149589
/projetos/PRJ1513_GIRIFICACAO_CONTROLES/03_PROCS/PREPROC_DATA/LONGITUDINAL/SUBJ171/SUBJ171_ses-1.long.SUBJ171_tmpl,NaN,NaN,NaN,NaN,NaN,NaN
/projetos/PRJ1513_GIRIFICACAO_CONTROLES/03_PROCS/PREPROC_DATA/LONGITUDINAL/SUBJ171/SUBJ171_ses-2,-53,-34,150226,148814,147648,147315
/projetos/PRJ1513_GIRIFICACAO_CONTROLES/03_PROCS/PREPROC_DATA/LONGITUDINAL/SUBJ171/SUBJ171_ses-2.long.SUBJ171_tmpl,NaN,NaN,NaN,NaN,NaN,NaN
/projetos/PRJ1513_GIRIFICACAO_CONTROLES/03_PROCS/PREPROC_DATA/LONGITUDINAL/SUBJ171/SUBJ171_ses-3,-49,-39,144656,144246,142296,142813
/projetos/PRJ1513_GIRIFICACAO_CONTROLES/03_PROCS/PREPROC_DATA/LONGITUDINAL/SUBJ171/SUBJ171_ses-3.long.SUBJ171_tmpl,NaN,NaN,NaN,NaN,NaN,NaN
/projetos/PRJ1513_GIRIFICACAO_CONTROLES/03_PROCS/PREPROC_DATA/LONGITUDINAL/SUBJ171/SUBJ171_tmpl,-34,-24,142386,142726,140888,141602
/projetos/PRJ1513_GIRIFICACAO_CONTROLES/03_PROCS/PREPROC_DATA/LONGITUDINAL/SUBJ174/SUBJ174_ses-1,-51,-56,148762,147840,143458,143970
/projetos/PRJ1513_GIRIFICACAO_CONTROLES/03_PROCS/PREPROC_DATA/LONGITUDINAL/SUBJ174/SUBJ174_ses-1.long.SUBJ174_tmpl,NaN,NaN,NaN,NaN,NaN,NaN
/projetos/PRJ1513_GIRIFICACAO_CONTROLES/03_PROCS/PREPROC_DATA/LONGITUDINAL/SUBJ174/SUBJ174_ses-2,-80,-49,154102,141270,135558,138846
/projetos/PRJ1513_GIRIFICACAO_CONTROLES/03_PROCS/PREPROC_DATA/LONGITUDINAL/SUBJ174/SUBJ174_ses-2.long.SUBJ174_tmpl,NaN,NaN,NaN,NaN,NaN,NaN
/projetos/PRJ1513_GIRIFICACAO_CONTROLES/03_PROCS/PREPROC_DATA/LONGITUDINAL/SUBJ174/SUBJ174_tmpl,-44,-32,138118,136344,133467,133854
/projetos/PRJ1513_GIRIFICACAO_CONTROLES/03_PROCS/PREPROC_DATA/LONGITUDINAL/SUBJ175/SUBJ175_ses-1,-28,-22,140490,140076,138562,137463
/projetos/PRJ1513_GIRIFICACAO_CONTROLES/03_PROCS/PREPROC_DATA/LONGITUDINAL/SUBJ175/SUBJ175_ses-1.long.SUBJ175_tmpl,NaN,NaN,NaN,NaN,NaN,NaN
/projetos/PRJ1513_GIRIFICACAO_CONTROLES/03_PROCS/PREPROC_DATA/LONGITUDINAL/SUBJ175/SUBJ175_tmpl,-29,-21,140704,139194,139021,137345
/projetos/PRJ1513_GIRIFICACAO_CONTROLES/03_PROCS/PREPROC_DATA/LONGITUDINAL/SUBJ176/SUBJ176_ses-1,-60,-44,171350,175162,167141,170921
/projetos/PRJ1513_GIRIFICACAO_CONTROLES/03_PROCS/PREPROC_DATA/LONGITUDINAL/SUBJ176/SUBJ176_ses-1.long.SUBJ176_tmpl,NaN,NaN,NaN,NaN,NaN,NaN
/projetos/PRJ1513_GIRIFICACAO_CONTROLES/03_PROCS/PREPROC_DATA/LONGITUDINAL/SUBJ176/SUBJ176_tmpl,-56,-55,171062,175204,167217,171773
/projetos/PRJ1513_GIRIFICACAO_CONTROLES/03_PROCS/PREPROC_DATA/LONGITUDINAL/SUBJ182/SUBJ182_ses-1,-43,-43,140350,146278,137197,143014
/projetos/PRJ1513_GIRIFICACAO_CONTROLES/03_PROCS/PREPROC_DATA/LONGITUDINAL/SUBJ182/SUBJ182_ses-1.long.SUBJ182_tmpl,NaN,NaN,NaN,NaN,NaN,NaN
/projetos/PRJ1513_GIRIFICACAO_CONTROLES/03_PROCS/PREPROC_DATA/LONGITUDINAL/SUBJ182/SUBJ182_tmpl,-38,-44,139678,145138,137038,142591
/projetos/PRJ1513_GIRIFICACAO_CONTROLES/03_PROCS/PREPROC_DATA/LONGITUDINAL/SUBJ183/SUBJ183_ses-1,-55,-52,152896,155656,148815,150179
/projetos/PRJ1513_GIRIFICACAO_CONTROLES/03_PROCS/PREPROC_DATA/LONGITUDINAL/SUBJ183/SUBJ183_ses-1.long.SUBJ183_tmpl,NaN,NaN,NaN,NaN,NaN,NaN
/projetos/PRJ1513_GIRIFICACAO_CONTROLES/03_PROCS/PREPROC_DATA/LONGITUDINAL/SUBJ183/SUBJ183_ses-2,-36,-33,142082,138192,139184,135497
/projetos/PRJ1513_GIRIFICACAO_CONTROLES/03_PROCS/PREPROC_DATA/LONGITUDINAL/SUBJ183/SUBJ183_ses-2.long.SUBJ183_tmpl,NaN,NaN,NaN,NaN,NaN,NaN
/projetos/PRJ1513_GIRIFICACAO_CONTROLES/03_PROCS/PREPROC_DATA/LONGITUDINAL/SUBJ183/SUBJ183_ses-3,-72,-79,144316,138430,138720,134238
/projetos/PRJ1513_GIRIFICACAO_CONTROLES/03_PROCS/PREPROC_DATA/LONGITUDINAL/SUBJ183/SUBJ183_ses-3.long.SUBJ183_tmpl,NaN,NaN,NaN,NaN,NaN,NaN
/projetos/PRJ1513_GIRIFICACAO_CONTROLES/03_PROCS/PREPROC_DATA/LONGITUDINAL/SUBJ183/SUBJ183_tmpl,-42,-30,142036,139032,138387,135983
/projetos/PRJ1513_GIRIFICACAO_CONTROLES/03_PROCS/PREPROC_DATA/LONGITUDINAL/SUBJ187/SUBJ187_ses-1,-43,-54,145182,147578,142902,145970
/projetos/PRJ1513_GIRIFICACAO_CONTROLES/03_PROCS/PREPROC_DATA/LONGITUDINAL/SUBJ187/SUBJ187_ses-1.long.SUBJ187_tmpl,NaN,NaN,NaN,NaN,NaN,NaN
/projetos/PRJ1513_GIRIFICACAO_CONTROLES/03_PROCS/PREPROC_DATA/LONGITUDINAL/SUBJ187/SUBJ187_ses-2,-40,-37,149988,152706,146706,148989
/projetos/PRJ1513_GIRIFICACAO_CONTROLES/03_PROCS/PREPROC_DATA/LONGITUDINAL/SUBJ187/SUBJ187_ses-2.long.SUBJ187_tmpl,NaN,NaN,NaN,NaN,NaN,NaN
/projetos/PRJ1513_GIRIFICACAO_CONTROLES/03_PROCS/PREPROC_DATA/LONGITUDINAL/SUBJ187/SUBJ187_ses-3,-44,-49,143424,145172,139820,142456
/projetos/PRJ1513_GIRIFICACAO_CONTROLES/03_PROCS/PREPROC_DATA/LONGITUDINAL/SUBJ187/SUBJ187_ses-3.long.SUBJ187_tmpl,NaN,NaN,NaN,NaN,NaN,NaN
/projetos/PRJ1513_GIRIFICACAO_CONTROLES/03_PROCS/PREPROC_DATA/LONGITUDINAL/SUBJ187/SUBJ187_tmpl,-37,-19,142178,143008,140081,141869
/projetos/PRJ1513_GIRIFICACAO_CONTROLES/03_PROCS/PREPROC_DATA/LONGITUDINAL/SUBJ188/SUBJ188_ses-1,-44,-43,148080,151314,144845,146251
/projetos/PRJ1513_GIRIFICACAO_CONTROLES/03_PROCS/PREPROC_DATA/LONGITUDINAL/SUBJ188/SUBJ188_ses-1.long.SUBJ188_tmpl,NaN,NaN,NaN,NaN,NaN,NaN
/projetos/PRJ1513_GIRIFICACAO_CONTROLES/03_PROCS/PREPROC_DATA/LONGITUDINAL/SUBJ188/SUBJ188_ses-2,-103,-73,135746,138784,131400,135839
/projetos/PRJ1513_GIRIFICACAO_CONTROLES/03_PROCS/PREPROC_DATA/LONGITUDINAL/SUBJ188/SUBJ188_ses-2.long.SUBJ188_tmpl,NaN,NaN,NaN,NaN,NaN,NaN
/projetos/PRJ1513_GIRIFICACAO_CONTROLES/03_PROCS/PREPROC_DATA/LONGITUDINAL/SUBJ188/SUBJ188_ses-3,-47,-43,142356,139780,137950,135107
/projetos/PRJ1513_GIRIFICACAO_CONTROLES/03_PROCS/PREPROC_DATA/LONGITUDINAL/SUBJ188/SUBJ188_ses-3.long.SUBJ188_tmpl,NaN,NaN,NaN,NaN,NaN,NaN
/projetos/PRJ1513_GIRIFICACAO_CONTROLES/03_PROCS/PREPROC_DATA/LONGITUDINAL/SUBJ188/SUBJ188_tmpl,-27,-28,137102,135312,135462,134005
/projetos/PRJ1513_GIRIFICACAO_CONTROLES/03_PROCS/PREPROC_DATA/LONGITUDINAL/SUBJ189/SUBJ189_ses-1,-48,-39,136006,138528,133426,136567
/projetos/PRJ1513_GIRIFICACAO_CONTROLES/03_PROCS/PREPROC_DATA/LONGITUDINAL/SUBJ189/SUBJ189_ses-1.long.SUBJ189_tmpl,NaN,NaN,NaN,NaN,NaN,NaN
/projetos/PRJ1513_GIRIFICACAO_CONTROLES/03_PROCS/PREPROC_DATA/LONGITUDINAL/SUBJ189/SUBJ189_ses-2,-42,-27,133036,132756,131480,130670
/projetos/PRJ1513_GIRIFICACAO_CONTROLES/03_PROCS/PREPROC_DATA/LONGITUDINAL/SUBJ189/SUBJ189_ses-2.long.SUBJ189_tmpl,NaN,NaN,NaN,NaN,NaN,NaN
/projetos/PRJ1513_GIRIFICACAO_CONTROLES/03_PROCS/PREPROC_DATA/LONGITUDINAL/SUBJ189/SUBJ189_tmpl,-25,-14,131698,132334,130477,130926
/projetos/PRJ1513_GIRIFICACAO_CONTROLES/03_PROCS/PREPROC_DATA/LONGITUDINAL/SUBJ191/SUBJ191_ses-1,-32,-39,162542,162902,159253,160603
/projetos/PRJ1513_GIRIFICACAO_CONTROLES/03_PROCS/PREPROC_DATA/LONGITUDINAL/SUBJ191/SUBJ191_ses-1.long.SUBJ191_tmpl,NaN,NaN,NaN,NaN,NaN,NaN
/projetos/PRJ1513_GIRIFICACAO_CONTROLES/03_PROCS/PREPROC_DATA/LONGITUDINAL/SUBJ191/SUBJ191_ses-2,-33,-29,162424,163596,159424,160977
/projetos/PRJ1513_GIRIFICACAO_CONTROLES/03_PROCS/PREPROC_DATA/LONGITUDINAL/SUBJ191/SUBJ191_ses-2.long.SUBJ191_tmpl,NaN,NaN,NaN,NaN,NaN,NaN
/projetos/PRJ1513_GIRIFICACAO_CONTROLES/03_PROCS/PREPROC_DATA/LONGITUDINAL/SUBJ191/SUBJ191_ses-3,-38,-33,160028,160144,156934,157595
/projetos/PRJ1513_GIRIFICACAO_CONTROLES/03_PROCS/PREPROC_DATA/LONGITUDINAL/SUBJ191/SUBJ191_ses-3.long.SUBJ191_tmpl,NaN,NaN,NaN,NaN,NaN,NaN
/projetos/PRJ1513_GIRIFICACAO_CONTROLES/03_PROCS/PREPROC_DATA/LONGITUDINAL/SUBJ191/SUBJ191_tmpl,-30,-29,156228,157370,153796,155639
/projetos/PRJ1513_GIRIFICACAO_CONTROLES/03_PROCS/PREPROC_DATA/LONGITUDINAL/SUBJ192/SUBJ192_ses-1,-19,-36,156042,161184,153806,159151
/projetos/PRJ1513_GIRIFICACAO_CONTROLES/03_PROCS/PREPROC_DATA/LONGITUDINAL/SUBJ192/SUBJ192_ses-1.long.SUBJ192_tmpl,NaN,NaN,NaN,NaN,NaN,NaN
/projetos/PRJ1513_GIRIFICACAO_CONTROLES/03_PROCS/PREPROC_DATA/LONGITUDINAL/SUBJ192/SUBJ192_ses-2,-33,-41,153830,156106,152006,154030
/projetos/PRJ1513_GIRIFICACAO_CONTROLES/03_PROCS/PREPROC_DATA/LONGITUDINAL/SUBJ192/SUBJ192_ses-2.long.SUBJ192_tmpl,NaN,NaN,NaN,NaN,NaN,NaN
/projetos/PRJ1513_GIRIFICACAO_CONTROLES/03_PROCS/PREPROC_DATA/LONGITUDINAL/SUBJ192/SUBJ192_tmpl,-17,-17,150744,153336,148560,150750
/projetos/PRJ1513_GIRIFICACAO_CONTROLES/03_PROCS/PREPROC_DATA/LONGITUDINAL/SUBJ194/SUBJ194_ses-1,-47,-46,120894,125810,118855,123981
/projetos/PRJ1513_GIRIFICACAO_CONTROLES/03_PROCS/PREPROC_DATA/LONGITUDINAL/SUBJ194/SUBJ194_ses-1.long.SUBJ194_tmpl,NaN,NaN,NaN,NaN,NaN,NaN
/projetos/PRJ1513_GIRIFICACAO_CONTROLES/03_PROCS/PREPROC_DATA/LONGITUDINAL/SUBJ194/SUBJ194_tmpl,-37,-37,120752,125290,118870,123802
/projetos/PRJ1513_GIRIFICACAO_CONTROLES/03_PROCS/PREPROC_DATA/LONGITUDINAL/SUBJ197/SUBJ197_ses-1,-27,-31,124386,125770,122560,124177
/projetos/PRJ1513_GIRIFICACAO_CONTROLES/03_PROCS/PREPROC_DATA/LONGITUDINAL/SUBJ197/SUBJ197_ses-1.long.SUBJ197_tmpl,NaN,NaN,NaN,NaN,NaN,NaN
/projetos/PRJ1513_GIRIFICACAO_CONTROLES/03_PROCS/PREPROC_DATA/LONGITUDINAL/SUBJ197/SUBJ197_ses-2,-20,-24,121826,123694,121218,122527
/projetos/PRJ1513_GIRIFICACAO_CONTROLES/03_PROCS/PREPROC_DATA/LONGITUDINAL/SUBJ197/SUBJ197_ses-2.long.SUBJ197_tmpl,NaN,NaN,NaN,NaN,NaN,NaN
/projetos/PRJ1513_GIRIFICACAO_CONTROLES/03_PROCS/PREPROC_DATA/LONGITUDINAL/SUBJ197/SUBJ197_tmpl,-19,-17,121464,121456,120385,120361
/projetos/PRJ1513_GIRIFICACAO_CONTROLES/03_PROCS/PREPROC_DATA/LONGITUDINAL/SUBJ198/SUBJ198_ses-1,-50,-37,142692,153564,140017,149239
/projetos/PRJ1513_GIRIFICACAO_CONTROLES/03_PROCS/PREPROC_DATA/LONGITUDINAL/SUBJ198/SUBJ198_ses-1.long.SUBJ198_tmpl,NaN,NaN,NaN,NaN,NaN,NaN
/projetos/PRJ1513_GIRIFICACAO_CONTROLES/03_PROCS/PREPROC_DATA/LONGITUDINAL/SUBJ198/SUBJ198_ses-2,-53,-51,134618,145760,130765,138564
/projetos/PRJ1513_GIRIFICACAO_CONTROLES/03_PROCS/PREPROC_DATA/LONGITUDINAL/SUBJ198/SUBJ198_ses-2.long.SUBJ198_tmpl,NaN,NaN,NaN,NaN,NaN,NaN
/projetos/PRJ1513_GIRIFICACAO_CONTROLES/03_PROCS/PREPROC_DATA/LONGITUDINAL/SUBJ198/SUBJ198_tmpl,-40,-44,133290,141924,130575,138651
/projetos/PRJ1513_GIRIFICACAO_CONTROLES/03_PROCS/PREPROC_DATA/LONGITUDINAL/SUBJ200/SUBJ200_ses-1,-63,-85,162626,163788,158806,159365
/projetos/PRJ1513_GIRIFICACAO_CONTROLES/03_PROCS/PREPROC_DATA/LONGITUDINAL/SUBJ200/SUBJ200_ses-1.long.SUBJ200_tmpl,NaN,NaN,NaN,NaN,NaN,NaN
/projetos/PRJ1513_GIRIFICACAO_CONTROLES/03_PROCS/PREPROC_DATA/LONGITUDINAL/SUBJ200/SUBJ200_tmpl,-63,-60,160824,161796,156552,157450
/projetos/PRJ1513_GIRIFICACAO_CONTROLES/03_PROCS/PREPROC_DATA/LONGITUDINAL/SUBJ201/SUBJ201_ses-1,-40,-37,144034,144056,142601,141606
/projetos/PRJ1513_GIRIFICACAO_CONTROLES/03_PROCS/PREPROC_DATA/LONGITUDINAL/SUBJ201/SUBJ201_ses-1.long.SUBJ201_tmpl,NaN,NaN,NaN,NaN,NaN,NaN
/projetos/PRJ1513_GIRIFICACAO_CONTROLES/03_PROCS/PREPROC_DATA/LONGITUDINAL/SUBJ201/SUBJ201_tmpl,-21,-19,142788,142070,141469,140597
/projetos/PRJ1513_GIRIFICACAO_CONTROLES/03_PROCS/PREPROC_DATA/LONGITUDINAL/SUBJ202/SUBJ202_ses-1,-70,-84,132184,139248,128674,134851
/projetos/PRJ1513_GIRIFICACAO_CONTROLES/03_PROCS/PREPROC_DATA/LONGITUDINAL/SUBJ202/SUBJ202_ses-1.long.SUBJ202_tmpl,NaN,NaN,NaN,NaN,NaN,NaN
/projetos/PRJ1513_GIRIFICACAO_CONTROLES/03_PROCS/PREPROC_DATA/LONGITUDINAL/SUBJ202/SUBJ202_tmpl,-59,-58,130622,137832,127724,134108
/projetos/PRJ1513_GIRIFICACAO_CONTROLES/03_PROCS/PREPROC_DATA/LONGITUDINAL/SUBJ203/SUBJ203_ses-1,-55,-59,146030,146864,138690,138888
/projetos/PRJ1513_GIRIFICACAO_CONTROLES/03_PROCS/PREPROC_DATA/LONGITUDINAL/SUBJ203/SUBJ203_ses-1.long.SUBJ203_tmpl,NaN,NaN,NaN,NaN,NaN,NaN
/projetos/PRJ1513_GIRIFICACAO_CONTROLES/03_PROCS/PREPROC_DATA/LONGITUDINAL/SUBJ203/SUBJ203_ses-2,-53,-65,147104,147720,137085,140945
/projetos/PRJ1513_GIRIFICACAO_CONTROLES/03_PROCS/PREPROC_DATA/LONGITUDINAL/SUBJ203/SUBJ203_ses-2.long.SUBJ203_tmpl,NaN,NaN,NaN,NaN,NaN,NaN
/projetos/PRJ1513_GIRIFICACAO_CONTROLES/03_PROCS/PREPROC_DATA/LONGITUDINAL/SUBJ203/SUBJ203_tmpl,-31,-47,137482,137762,133083,134235
/projetos/PRJ1513_GIRIFICACAO_CONTROLES/03_PROCS/PREPROC_DATA/LONGITUDINAL/SUBJ205/SUBJ205_ses-1,-99,-73,170286,179940,159610,159752
/projetos/PRJ1513_GIRIFICACAO_CONTROLES/03_PROCS/PREPROC_DATA/LONGITUDINAL/SUBJ205/SUBJ205_ses-1.long.SUBJ205_tmpl,NaN,NaN,NaN,NaN,NaN,NaN
/projetos/PRJ1513_GIRIFICACAO_CONTROLES/03_PROCS/PREPROC_DATA/LONGITUDINAL/SUBJ205/SUBJ205_tmpl,-93,-86,167076,176744,157963,157701
/projetos/PRJ1513_GIRIFICACAO_CONTROLES/03_PROCS/PREPROC_DATA/LONGITUDINAL/SUBJ206/SUBJ206_ses-1,-30,-32,139852,139742,136440,137252
/projetos/PRJ1513_GIRIFICACAO_CONTROLES/03_PROCS/PREPROC_DATA/LONGITUDINAL/SUBJ206/SUBJ206_ses-1.long.SUBJ206_tmpl,NaN,NaN,NaN,NaN,NaN,NaN
/projetos/PRJ1513_GIRIFICACAO_CONTROLES/03_PROCS/PREPROC_DATA/LONGITUDINAL/SUBJ206/SUBJ206_tmpl,-32,-32,137808,138278,133976,135908
/projetos/PRJ1513_GIRIFICACAO_CONTROLES/03_PROCS/PREPROC_DATA/LONGITUDINAL/SUBJ208/SUBJ208_ses-1,-75,-61,134856,128900,131147,127004
/projetos/PRJ1513_GIRIFICACAO_CONTROLES/03_PROCS/PREPROC_DATA/LONGITUDINAL/SUBJ208/SUBJ208_ses-1.long.SUBJ208_tmpl,NaN,NaN,NaN,NaN,NaN,NaN
/projetos/PRJ1513_GIRIFICACAO_CONTROLES/03_PROCS/PREPROC_DATA/LONGITUDINAL/SUBJ208/SUBJ208_tmpl,-55,-43,134044,128854,130567,126876
/projetos/PRJ1513_GIRIFICACAO_CONTROLES/03_PROCS/PREPROC_DATA/LONGITUDINAL/SUBJ209/SUBJ209_ses-1,-63,-64,149698,156030,145339,150141
/projetos/PRJ1513_GIRIFICACAO_CONTROLES/03_PROCS/PREPROC_DATA/LONGITUDINAL/SUBJ209/SUBJ209_ses-1.long.SUBJ209_tmpl,NaN,NaN,NaN,NaN,NaN,NaN
/projetos/PRJ1513_GIRIFICACAO_CONTROLES/03_PROCS/PREPROC_DATA/LONGITUDINAL/SUBJ209/SUBJ209_ses-2,-18,-29,142604,141996,139739,137895
/projetos/PRJ1513_GIRIFICACAO_CONTROLES/03_PROCS/PREPROC_DATA/LONGITUDINAL/SUBJ209/SUBJ209_ses-2.long.SUBJ209_tmpl,NaN,NaN,NaN,NaN,NaN,NaN
/projetos/PRJ1513_GIRIFICACAO_CONTROLES/03_PROCS/PREPROC_DATA/LONGITUDINAL/SUBJ209/SUBJ209_tmpl,-29,-24,141370,142164,138380,139737
/projetos/PRJ1513_GIRIFICACAO_CONTROLES/03_PROCS/PREPROC_DATA/LONGITUDINAL/SUBJ211/SUBJ211_ses-1,-49,-43,131126,133746,129268,131887
/projetos/PRJ1513_GIRIFICACAO_CONTROLES/03_PROCS/PREPROC_DATA/LONGITUDINAL/SUBJ211/SUBJ211_ses-1.long.SUBJ211_tmpl,NaN,NaN,NaN,NaN,NaN,NaN
/projetos/PRJ1513_GIRIFICACAO_CONTROLES/03_PROCS/PREPROC_DATA/LONGITUDINAL/SUBJ211/SUBJ211_tmpl,-31,-39,129562,131492,128363,130119
/projetos/PRJ1513_GIRIFICACAO_CONTROLES/03_PROCS/PREPROC_DATA/LONGITUDINAL/SUBJ212/SUBJ212_ses-1,-53,-45,161380,164072,156496,157785
/projetos/PRJ1513_GIRIFICACAO_CONTROLES/03_PROCS/PREPROC_DATA/LONGITUDINAL/SUBJ212/SUBJ212_ses-1.long.SUBJ212_tmpl,NaN,NaN,NaN,NaN,NaN,NaN
/projetos/PRJ1513_GIRIFICACAO_CONTROLES/03_PROCS/PREPROC_DATA/LONGITUDINAL/SUBJ212/SUBJ212_ses-2,-78,-42,165028,170992,154408,159421
/projetos/PRJ1513_GIRIFICACAO_CONTROLES/03_PROCS/PREPROC_DATA/LONGITUDINAL/SUBJ212/SUBJ212_ses-2.long.SUBJ212_tmpl,NaN,NaN,NaN,NaN,NaN,NaN
/projetos/PRJ1513_GIRIFICACAO_CONTROLES/03_PROCS/PREPROC_DATA/LONGITUDINAL/SUBJ212/SUBJ212_tmpl,-22,-19,152104,159660,149459,154312
/projetos/PRJ1513_GIRIFICACAO_CONTROLES/03_PROCS/PREPROC_DATA/LONGITUDINAL/SUBJ213/SUBJ213_ses-1,-42,-37,136828,143636,133841,140315
/projetos/PRJ1513_GIRIFICACAO_CONTROLES/03_PROCS/PREPROC_DATA/LONGITUDINAL/SUBJ213/SUBJ213_ses-1.long.SUBJ213_tmpl,NaN,NaN,NaN,NaN,NaN,NaN
/projetos/PRJ1513_GIRIFICACAO_CONTROLES/03_PROCS/PREPROC_DATA/LONGITUDINAL/SUBJ213/SUBJ213_ses-2,-79,-81,143974,150410,138266,145269
/projetos/PRJ1513_GIRIFICACAO_CONTROLES/03_PROCS/PREPROC_DATA/LONGITUDINAL/SUBJ213/SUBJ213_ses-2.long.SUBJ213_tmpl,NaN,NaN,NaN,NaN,NaN,NaN
/projetos/PRJ1513_GIRIFICACAO_CONTROLES/03_PROCS/PREPROC_DATA/LONGITUDINAL/SUBJ213/SUBJ213_tmpl,-49,-45,134734,142172,131211,138785
/projetos/PRJ1513_GIRIFICACAO_CONTROLES/03_PROCS/PREPROC_DATA/LONGITUDINAL/SUBJ214/SUBJ214_ses-1,-83,-84,164268,160820,155286,152560
/projetos/PRJ1513_GIRIFICACAO_CONTROLES/03_PROCS/PREPROC_DATA/LONGITUDINAL/SUBJ214/SUBJ214_ses-1.long.SUBJ214_tmpl,NaN,NaN,NaN,NaN,NaN,NaN
/projetos/PRJ1513_GIRIFICACAO_CONTROLES/03_PROCS/PREPROC_DATA/LONGITUDINAL/SUBJ214/SUBJ214_tmpl,-117,-92,159730,156856,151887,148621
/projetos/PRJ1513_GIRIFICACAO_CONTROLES/03_PROCS/PREPROC_DATA/LONGITUDINAL/SUBJ215/SUBJ215_ses-1,-74,-58,148110,149028,143817,144333
/projetos/PRJ1513_GIRIFICACAO_CONTROLES/03_PROCS/PREPROC_DATA/LONGITUDINAL/SUBJ215/SUBJ215_ses-1.long.SUBJ215_tmpl,NaN,NaN,NaN,NaN,NaN,NaN
/projetos/PRJ1513_GIRIFICACAO_CONTROLES/03_PROCS/PREPROC_DATA/LONGITUDINAL/SUBJ215/SUBJ215_tmpl,-60,-64,150114,148034,144507,143688
/projetos/PRJ1513_GIRIFICACAO_CONTROLES/03_PROCS/PREPROC_DATA/LONGITUDINAL/SUBJ216/SUBJ216_ses-1,-57,-62,138598,138636,135315,135776
/projetos/PRJ1513_GIRIFICACAO_CONTROLES/03_PROCS/PREPROC_DATA/LONGITUDINAL/SUBJ216/SUBJ216_ses-1.long.SUBJ216_tmpl,NaN,NaN,NaN,NaN,NaN,NaN
/projetos/PRJ1513_GIRIFICACAO_CONTROLES/03_PROCS/PREPROC_DATA/LONGITUDINAL/SUBJ216/SUBJ216_ses-2,-54,-61,133828,134220,131509,131959
/projetos/PRJ1513_GIRIFICACAO_CONTROLES/03_PROCS/PREPROC_DATA/LONGITUDINAL/SUBJ216/SUBJ216_ses-2.long.SUBJ216_tmpl,NaN,NaN,NaN,NaN,NaN,NaN
/projetos/PRJ1513_GIRIFICACAO_CONTROLES/03_PROCS/PREPROC_DATA/LONGITUDINAL/SUBJ216/SUBJ216_tmpl,-36,-38,131468,130702,129877,129784
/projetos/PRJ1513_GIRIFICACAO_CONTROLES/03_PROCS/PREPROC_DATA/LONGITUDINAL/SUBJ217/SUBJ217_ses-1,-44,-48,127876,129618,125386,127128
/projetos/PRJ1513_GIRIFICACAO_CONTROLES/03_PROCS/PREPROC_DATA/LONGITUDINAL/SUBJ217/SUBJ217_ses-1.long.SUBJ217_tmpl,NaN,NaN,NaN,NaN,NaN,NaN
/projetos/PRJ1513_GIRIFICACAO_CONTROLES/03_PROCS/PREPROC_DATA/LONGITUDINAL/SUBJ217/SUBJ217_ses-2,-47,-48,125426,128226,123352,125141
/projetos/PRJ1513_GIRIFICACAO_CONTROLES/03_PROCS/PREPROC_DATA/LONGITUDINAL/SUBJ217/SUBJ217_ses-2.long.SUBJ217_tmpl,NaN,NaN,NaN,NaN,NaN,NaN
/projetos/PRJ1513_GIRIFICACAO_CONTROLES/03_PROCS/PREPROC_DATA/LONGITUDINAL/SUBJ217/SUBJ217_tmpl,-38,-34,121124,122880,119647,121272
/projetos/PRJ1513_GIRIFICACAO_CONTROLES/03_PROCS/PREPROC_DATA/LONGITUDINAL/SUBJ218/SUBJ218_ses-1,-21,-21,119060,116406,118389,115784
/projetos/PRJ1513_GIRIFICACAO_CONTROLES/03_PROCS/PREPROC_DATA/LONGITUDINAL/SUBJ218/SUBJ218_ses-1.long.SUBJ218_tmpl,NaN,NaN,NaN,NaN,NaN,NaN
/projetos/PRJ1513_GIRIFICACAO_CONTROLES/03_PROCS/PREPROC_DATA/LONGITUDINAL/SUBJ218/SUBJ218_tmpl,-20,-20,117622,115636,116353,114635
/projetos/PRJ1513_GIRIFICACAO_CONTROLES/03_PROCS/PREPROC_DATA/LONGITUDINAL/SUBJ219/SUBJ219_ses-1,-33,-38,154402,152744,152102,151109
/projetos/PRJ1513_GIRIFICACAO_CONTROLES/03_PROCS/PREPROC_DATA/LONGITUDINAL/SUBJ219/SUBJ219_ses-1.long.SUBJ219_tmpl,NaN,NaN,NaN,NaN,NaN,NaN
/projetos/PRJ1513_GIRIFICACAO_CONTROLES/03_PROCS/PREPROC_DATA/LONGITUDINAL/SUBJ219/SUBJ219_tmpl,-36,-32,152290,150838,149928,149369
/projetos/PRJ1513_GIRIFICACAO_CONTROLES/03_PROCS/PREPROC_DATA/LONGITUDINAL/SUBJ220/SUBJ220_ses-1,-19,-21,143764,142558,141729,140954
/projetos/PRJ1513_GIRIFICACAO_CONTROLES/03_PROCS/PREPROC_DATA/LONGITUDINAL/SUBJ220/SUBJ220_ses-1.long.SUBJ220_tmpl,NaN,NaN,NaN,NaN,NaN,NaN
/projetos/PRJ1513_GIRIFICACAO_CONTROLES/03_PROCS/PREPROC_DATA/LONGITUDINAL/SUBJ220/SUBJ220_tmpl,-24,-15,141750,140368,140386,138967
/projetos/PRJ1513_GIRIFICACAO_CONTROLES/03_PROCS/PREPROC_DATA/LONGITUDINAL/SUBJ222/SUBJ222_ses-1,-27,-32,128534,129118,127323,126234
/projetos/PRJ1513_GIRIFICACAO_CONTROLES/03_PROCS/PREPROC_DATA/LONGITUDINAL/SUBJ222/SUBJ222_ses-1.long.SUBJ222_tmpl,NaN,NaN,NaN,NaN,NaN,NaN
/projetos/PRJ1513_GIRIFICACAO_CONTROLES/03_PROCS/PREPROC_DATA/LONGITUDINAL/SUBJ222/SUBJ222_tmpl,-18,-27,127292,128028,126121,126049
/projetos/PRJ1513_GIRIFICACAO_CONTROLES/03_PROCS/PREPROC_DATA/LONGITUDINAL/SUBJ223/SUBJ223_ses-1,-23,-30,148854,148110,146502,146084
/projetos/PRJ1513_GIRIFICACAO_CONTROLES/03_PROCS/PREPROC_DATA/LONGITUDINAL/SUBJ223/SUBJ223_ses-1.long.SUBJ223_tmpl,NaN,NaN,NaN,NaN,NaN,NaN
/projetos/PRJ1513_GIRIFICACAO_CONTROLES/03_PROCS/PREPROC_DATA/LONGITUDINAL/SUBJ223/SUBJ223_ses-2,-15,-16,143450,142810,141611,141121
/projetos/PRJ1513_GIRIFICACAO_CONTROLES/03_PROCS/PREPROC_DATA/LONGITUDINAL/SUBJ223/SUBJ223_ses-2.long.SUBJ223_tmpl,NaN,NaN,NaN,NaN,NaN,NaN
/projetos/PRJ1513_GIRIFICACAO_CONTROLES/03_PROCS/PREPROC_DATA/LONGITUDINAL/SUBJ223/SUBJ223_tmpl,-21,-10,144154,142854,142323,141236
/projetos/PRJ1513_GIRIFICACAO_CONTROLES/03_PROCS/PREPROC_DATA/LONGITUDINAL/SUBJ225/SUBJ225_ses-1,-76,-92,144128,147738,139836,143718
/projetos/PRJ1513_GIRIFICACAO_CONTROLES/03_PROCS/PREPROC_DATA/LONGITUDINAL/SUBJ225/SUBJ225_ses-1.long.SUBJ225_tmpl,NaN,NaN,NaN,NaN,NaN,NaN
/projetos/PRJ1513_GIRIFICACAO_CONTROLES/03_PROCS/PREPROC_DATA/LONGITUDINAL/SUBJ225/SUBJ225_ses-2,-67,-69,142260,145818,136395,141592
/projetos/PRJ1513_GIRIFICACAO_CONTROLES/03_PROCS/PREPROC_DATA/LONGITUDINAL/SUBJ225/SUBJ225_ses-2.long.SUBJ225_tmpl,NaN,NaN,NaN,NaN,NaN,NaN
/projetos/PRJ1513_GIRIFICACAO_CONTROLES/03_PROCS/PREPROC_DATA/LONGITUDINAL/SUBJ225/SUBJ225_tmpl,-32,-40,139386,144106,136274,140826
/projetos/PRJ1513_GIRIFICACAO_CONTROLES/03_PROCS/PREPROC_DATA/LONGITUDINAL/SUBJ227/SUBJ227_ses-1,-87,-94,132170,132346,125776,128701
/projetos/PRJ1513_GIRIFICACAO_CONTROLES/03_PROCS/PREPROC_DATA/LONGITUDINAL/SUBJ227/SUBJ227_ses-1.long.SUBJ227_tmpl,NaN,NaN,NaN,NaN,NaN,NaN
/projetos/PRJ1513_GIRIFICACAO_CONTROLES/03_PROCS/PREPROC_DATA/LONGITUDINAL/SUBJ227/SUBJ227_tmpl,-73,-65,131536,134398,127590,131101
/projetos/PRJ1513_GIRIFICACAO_CONTROLES/03_PROCS/PREPROC_DATA/LONGITUDINAL/SUBJ228/SUBJ228_ses-1,-26,-45,135120,139882,133350,136837
/projetos/PRJ1513_GIRIFICACAO_CONTROLES/03_PROCS/PREPROC_DATA/LONGITUDINAL/SUBJ228/SUBJ228_ses-1.long.SUBJ228_tmpl,NaN,NaN,NaN,NaN,NaN,NaN
/projetos/PRJ1513_GIRIFICACAO_CONTROLES/03_PROCS/PREPROC_DATA/LONGITUDINAL/SUBJ228/SUBJ228_ses-2,-31,-39,135564,138072,133506,134813
/projetos/PRJ1513_GIRIFICACAO_CONTROLES/03_PROCS/PREPROC_DATA/LONGITUDINAL/SUBJ228/SUBJ228_ses-2.long.SUBJ228_tmpl,NaN,NaN,NaN,NaN,NaN,NaN
/projetos/PRJ1513_GIRIFICACAO_CONTROLES/03_PROCS/PREPROC_DATA/LONGITUDINAL/SUBJ228/SUBJ228_tmpl,-17,-23,131676,133276,130186,131403
/projetos/PRJ1513_GIRIFICACAO_CONTROLES/03_PROCS/PREPROC_DATA/LONGITUDINAL/SUBJ229/SUBJ229_ses-1,-38,-41,123688,125580,120520,123123
/projetos/PRJ1513_GIRIFICACAO_CONTROLES/03_PROCS/PREPROC_DATA/LONGITUDINAL/SUBJ229/SUBJ229_ses-1.long.SUBJ229_tmpl,NaN,NaN,NaN,NaN,NaN,NaN
/projetos/PRJ1513_GIRIFICACAO_CONTROLES/03_PROCS/PREPROC_DATA/LONGITUDINAL/SUBJ229/SUBJ229_ses-2,-27,-33,120440,121798,118142,120719
/projetos/PRJ1513_GIRIFICACAO_CONTROLES/03_PROCS/PREPROC_DATA/LONGITUDINAL/SUBJ229/SUBJ229_ses-2.long.SUBJ229_tmpl,NaN,NaN,NaN,NaN,NaN,NaN
/projetos/PRJ1513_GIRIFICACAO_CONTROLES/03_PROCS/PREPROC_DATA/LONGITUDINAL/SUBJ229/SUBJ229_tmpl,-17,-23,118480,120088,117167,118662
/projetos/PRJ1513_GIRIFICACAO_CONTROLES/03_PROCS/PREPROC_DATA/LONGITUDINAL/SUBJ231/SUBJ231_ses-1,-51,-50,153660,152676,149467,149057
/projetos/PRJ1513_GIRIFICACAO_CONTROLES/03_PROCS/PREPROC_DATA/LONGITUDINAL/SUBJ231/SUBJ231_ses-1.long.SUBJ231_tmpl,NaN,NaN,NaN,NaN,NaN,NaN
/projetos/PRJ1513_GIRIFICACAO_CONTROLES/03_PROCS/PREPROC_DATA/LONGITUDINAL/SUBJ231/SUBJ231_tmpl,-61,-49,151490,150684,147826,147212
